participant.id_in_session,participant.code,participant.label,participant._is_bot,participant._index_in_pages,participant._max_page_index,participant._current_app_name,participant._current_page_name,participant.time_started_utc,participant.visited,participant.mturk_worker_id,participant.mturk_assignment_id,participant.payoff,participant.wealth,participant.comprehension_check,participant.manipulation_check,participant.human_check,participant.feedback,session.code,session.label,session.mturk_HITId,session.mturk_HITGroupId,session.comment,session.is_demo,session.config.real_world_currency_per_point,session.config.participation_fee,session.config.name,ftrust.1.player.id_in_group,ftrust.1.player.role,ftrust.1.player.payoff,ftrust.1.player.wealth,ftrust.1.player.comprehension_check,ftrust.1.player.manipulation_check,ftrust.1.player.human_check,ftrust.1.player.feedback,ftrust.1.group.id_in_subsession,ftrust.1.group.sent_amount,ftrust.1.group.sent_back_amount,ftrust.1.subsession.round_number,ftrust.2.player.id_in_group,ftrust.2.player.role,ftrust.2.player.payoff,ftrust.2.player.wealth,ftrust.2.player.comprehension_check,ftrust.2.player.manipulation_check,ftrust.2.player.human_check,ftrust.2.player.feedback,ftrust.2.group.id_in_subsession,ftrust.2.group.sent_amount,ftrust.2.group.sent_back_amount,ftrust.2.subsession.round_number,ftrust.3.player.id_in_group,ftrust.3.player.role,ftrust.3.player.payoff,ftrust.3.player.wealth,ftrust.3.player.comprehension_check,ftrust.3.player.manipulation_check,ftrust.3.player.human_check,ftrust.3.player.feedback,ftrust.3.group.id_in_subsession,ftrust.3.group.sent_amount,ftrust.3.group.sent_back_amount,ftrust.3.subsession.round_number,ftrust.4.player.id_in_group,ftrust.4.player.role,ftrust.4.player.payoff,ftrust.4.player.wealth,ftrust.4.player.comprehension_check,ftrust.4.player.manipulation_check,ftrust.4.player.human_check,ftrust.4.player.feedback,ftrust.4.group.id_in_subsession,ftrust.4.group.sent_amount,ftrust.4.group.sent_back_amount,ftrust.4.subsession.round_number,ftrust.5.player.id_in_group,ftrust.5.player.role,ftrust.5.player.payoff,ftrust.5.player.wealth,ftrust.5.player.comprehension_check,ftrust.5.player.manipulation_check,ftrust.5.player.human_check,ftrust.5.player.feedback,ftrust.5.group.id_in_subsession,ftrust.5.group.sent_amount,ftrust.5.group.sent_back_amount,ftrust.5.subsession.round_number,ftrust.6.player.id_in_group,ftrust.6.player.role,ftrust.6.player.payoff,ftrust.6.player.wealth,ftrust.6.player.comprehension_check,ftrust.6.player.manipulation_check,ftrust.6.player.human_check,ftrust.6.player.feedback,ftrust.6.group.id_in_subsession,ftrust.6.group.sent_amount,ftrust.6.group.sent_back_amount,ftrust.6.subsession.round_number,ftrust.7.player.id_in_group,ftrust.7.player.role,ftrust.7.player.payoff,ftrust.7.player.wealth,ftrust.7.player.comprehension_check,ftrust.7.player.manipulation_check,ftrust.7.player.human_check,ftrust.7.player.feedback,ftrust.7.group.id_in_subsession,ftrust.7.group.sent_amount,ftrust.7.group.sent_back_amount,ftrust.7.subsession.round_number,ftrust.8.player.id_in_group,ftrust.8.player.role,ftrust.8.player.payoff,ftrust.8.player.wealth,ftrust.8.player.comprehension_check,ftrust.8.player.manipulation_check,ftrust.8.player.human_check,ftrust.8.player.feedback,ftrust.8.group.id_in_subsession,ftrust.8.group.sent_amount,ftrust.8.group.sent_back_amount,ftrust.8.subsession.round_number,ftrust.9.player.id_in_group,ftrust.9.player.role,ftrust.9.player.payoff,ftrust.9.player.wealth,ftrust.9.player.comprehension_check,ftrust.9.player.manipulation_check,ftrust.9.player.human_check,ftrust.9.player.feedback,ftrust.9.group.id_in_subsession,ftrust.9.group.sent_amount,ftrust.9.group.sent_back_amount,ftrust.9.subsession.round_number,ftrust.10.player.id_in_group,ftrust.10.player.role,ftrust.10.player.payoff,ftrust.10.player.wealth,ftrust.10.player.comprehension_check,ftrust.10.player.manipulation_check,ftrust.10.player.human_check,ftrust.10.player.feedback,ftrust.10.group.id_in_subsession,ftrust.10.group.sent_amount,ftrust.10.group.sent_back_amount,ftrust.10.subsession.round_number,trust.1.player.id_in_group,trust.1.player.role,trust.1.player.payoff,trust.1.player.wealth,trust.1.player.comprehension_check,trust.1.player.manipulation_check,trust.1.player.human_check,trust.1.player.feedback,trust.1.group.id_in_subsession,trust.1.group.sent_amount,trust.1.group.sent_back_amount,trust.1.subsession.round_number,trust.2.player.id_in_group,trust.2.player.role,trust.2.player.payoff,trust.2.player.wealth,trust.2.player.comprehension_check,trust.2.player.manipulation_check,trust.2.player.human_check,trust.2.player.feedback,trust.2.group.id_in_subsession,trust.2.group.sent_amount,trust.2.group.sent_back_amount,trust.2.subsession.round_number,trust.3.player.id_in_group,trust.3.player.role,trust.3.player.payoff,trust.3.player.wealth,trust.3.player.comprehension_check,trust.3.player.manipulation_check,trust.3.player.human_check,trust.3.player.feedback,trust.3.group.id_in_subsession,trust.3.group.sent_amount,trust.3.group.sent_back_amount,trust.3.subsession.round_number,trust.4.player.id_in_group,trust.4.player.role,trust.4.player.payoff,trust.4.player.wealth,trust.4.player.comprehension_check,trust.4.player.manipulation_check,trust.4.player.human_check,trust.4.player.feedback,trust.4.group.id_in_subsession,trust.4.group.sent_amount,trust.4.group.sent_back_amount,trust.4.subsession.round_number,trust.5.player.id_in_group,trust.5.player.role,trust.5.player.payoff,trust.5.player.wealth,trust.5.player.comprehension_check,trust.5.player.manipulation_check,trust.5.player.human_check,trust.5.player.feedback,trust.5.group.id_in_subsession,trust.5.group.sent_amount,trust.5.group.sent_back_amount,trust.5.subsession.round_number,trust.6.player.id_in_group,trust.6.player.role,trust.6.player.payoff,trust.6.player.wealth,trust.6.player.comprehension_check,trust.6.player.manipulation_check,trust.6.player.human_check,trust.6.player.feedback,trust.6.group.id_in_subsession,trust.6.group.sent_amount,trust.6.group.sent_back_amount,trust.6.subsession.round_number,trust.7.player.id_in_group,trust.7.player.role,trust.7.player.payoff,trust.7.player.wealth,trust.7.player.comprehension_check,trust.7.player.manipulation_check,trust.7.player.human_check,trust.7.player.feedback,trust.7.group.id_in_subsession,trust.7.group.sent_amount,trust.7.group.sent_back_amount,trust.7.subsession.round_number,trust.8.player.id_in_group,trust.8.player.role,trust.8.player.payoff,trust.8.player.wealth,trust.8.player.comprehension_check,trust.8.player.manipulation_check,trust.8.player.human_check,trust.8.player.feedback,trust.8.group.id_in_subsession,trust.8.group.sent_amount,trust.8.group.sent_back_amount,trust.8.subsession.round_number,trust.9.player.id_in_group,trust.9.player.role,trust.9.player.payoff,trust.9.player.wealth,trust.9.player.comprehension_check,trust.9.player.manipulation_check,trust.9.player.human_check,trust.9.player.feedback,trust.9.group.id_in_subsession,trust.9.group.sent_amount,trust.9.group.sent_back_amount,trust.9.subsession.round_number,trust.10.player.id_in_group,trust.10.player.role,trust.10.player.payoff,trust.10.player.wealth,trust.10.player.comprehension_check,trust.10.player.manipulation_check,trust.10.player.human_check,trust.10.player.feedback,trust.10.group.id_in_subsession,trust.10.group.sent_amount,trust.10.group.sent_back_amount,trust.10.subsession.round_number
1,y3i6leoy,,0,6,80,trust,Results,2024-03-18 20:57:18.177646,1,,,100.0,100.0,(no name),(no name),(no name),(no name),nhs284ht,,,,,1,1.0,0.0,trust,,,,,,,,,,,,,,,,,,,,,,,,,,,,,,,,,,,,,,,,,,,,,,,,,,,,,,,,,,,,,,,,,,,,,,,,,,,,,,,,,,,,,,,,,,,,,,,,,,,,,,,,,,,,,,,,,,,,,,,,,1,,100.0,0.0,,,,,1,100.0,100.0,1,1,,0.0,0.0,,,,,1,,,2,1,,0.0,0.0,,,,,1,,,3,1,,0.0,0.0,,,,,1,,,4,1,,0.0,0.0,,,,,1,,,5,1,,0.0,0.0,,,,,1,,,6,1,,0.0,0.0,,,,,1,,,7,1,,0.0,0.0,,,,,1,,,8,1,,0.0,0.0,,,,,1,,,9,1,,0.0,0.0,,,,,1,,,10
2,uef729rl,,0,7,80,trust,Checks,2024-03-18 20:56:57.774222,1,,,200.0,200.0,(no name),(no name),(no name),(no name),nhs284ht,,,,,1,1.0,0.0,trust,,,,,,,,,,,,,,,,,,,,,,,,,,,,,,,,,,,,,,,,,,,,,,,,,,,,,,,,,,,,,,,,,,,,,,,,,,,,,,,,,,,,,,,,,,,,,,,,,,,,,,,,,,,,,,,,,,,,,,,,,2,,200.0,0.0,,,,,1,100.0,100.0,1,2,,0.0,0.0,,,,,1,,,2,2,,0.0,0.0,,,,,1,,,3,2,,0.0,0.0,,,,,1,,,4,2,,0.0,0.0,,,,,1,,,5,2,,0.0,0.0,,,,,1,,,6,2,,0.0,0.0,,,,,1,,,7,2,,0.0,0.0,,,,,1,,,8,2,,0.0,0.0,,,,,1,,,9,2,,0.0,0.0,,,,,1,,,10
1,03tcubzz,,0,3,8,trust,SendBackWaitPage,2024-03-18 20:56:45.756625,1,,,0.0,0.0,(no name),(no name),(no name),(no name),emk6ie9f,,,,,1,1.0,0.0,trust,,,,,,,,,,,,,,,,,,,,,,,,,,,,,,,,,,,,,,,,,,,,,,,,,,,,,,,,,,,,,,,,,,,,,,,,,,,,,,,,,,,,,,,,,,,,,,,,,,,,,,,,,,,,,,,,,,,,,,,,,1,,0.0,0.0,,,,,1,100.0,,1,,,,,,,,,,,,,,,,,,,,,,,,,,,,,,,,,,,,,,,,,,,,,,,,,,,,,,,,,,,,,,,,,,,,,,,,,,,,,,,,,,,,,,,,,,,,,,,,,,,,,,,,,,,,
2,fy171p0h,,0,0,8,,,,0,,,0.0,0.0,(no name),(no name),(no name),(no name),emk6ie9f,,,,,1,1.0,0.0,trust,,,,,,,,,,,,,,,,,,,,,,,,,,,,,,,,,,,,,,,,,,,,,,,,,,,,,,,,,,,,,,,,,,,,,,,,,,,,,,,,,,,,,,,,,,,,,,,,,,,,,,,,,,,,,,,,,,,,,,,,,2,,0.0,0.0,,,,,1,100.0,,1,,,,,,,,,,,,,,,,,,,,,,,,,,,,,,,,,,,,,,,,,,,,,,,,,,,,,,,,,,,,,,,,,,,,,,,,,,,,,,,,,,,,,,,,,,,,,,,,,,,,,,,,,,,,
1,qlsrjlfq,,0,6,8,trust,Results,2024-03-18 21:17:32.669330,1,,,150.0,150.0,,,,,j5wv4yk4,,,,,0,1.0,0.0,trust,,,,,,,,,,,,,,,,,,,,,,,,,,,,,,,,,,,,,,,,,,,,,,,,,,,,,,,,,,,,,,,,,,,,,,,,,,,,,,,,,,,,,,,,,,,,,,,,,,,,,,,,,,,,,,,,,,,,,,,,,1,,150.0,0.0,,,,,1,100.0,150.0,1,,,,,,,,,,,,,,,,,,,,,,,,,,,,,,,,,,,,,,,,,,,,,,,,,,,,,,,,,,,,,,,,,,,,,,,,,,,,,,,,,,,,,,,,,,,,,,,,,,,,,,,,,,,,
2,ttsk9cxw,,0,7,8,trust,Checks,2024-03-18 21:17:40.122811,1,,,150.0,150.0,,,,,j5wv4yk4,,,,,0,1.0,0.0,trust,,,,,,,,,,,,,,,,,,,,,,,,,,,,,,,,,,,,,,,,,,,,,,,,,,,,,,,,,,,,,,,,,,,,,,,,,,,,,,,,,,,,,,,,,,,,,,,,,,,,,,,,,,,,,,,,,,,,,,,,,2,,150.0,0.0,,,,,1,100.0,150.0,1,,,,,,,,,,,,,,,,,,,,,,,,,,,,,,,,,,,,,,,,,,,,,,,,,,,,,,,,,,,,,,,,,,,,,,,,,,,,,,,,,,,,,,,,,,,,,,,,,,,,,,,,,,,,
1,vfokcej0,,0,6,8,trust,Results,2024-03-18 21:24:59.537703,1,,,150.0,150.0,,,,,esznc4jg,,,,,1,1.0,0.0,trust,,,,,,,,,,,,,,,,,,,,,,,,,,,,,,,,,,,,,,,,,,,,,,,,,,,,,,,,,,,,,,,,,,,,,,,,,,,,,,,,,,,,,,,,,,,,,,,,,,,,,,,,,,,,,,,,,,,,,,,,,1,,150.0,0.0,,,,,1,100.0,150.0,1,,,,,,,,,,,,,,,,,,,,,,,,,,,,,,,,,,,,,,,,,,,,,,,,,,,,,,,,,,,,,,,,,,,,,,,,,,,,,,,,,,,,,,,,,,,,,,,,,,,,,,,,,,,,
2,tndem8ol,,0,7,8,trust,Checks,2024-03-18 21:25:07.179376,1,,,150.0,150.0,,,,,esznc4jg,,,,,1,1.0,0.0,trust,,,,,,,,,,,,,,,,,,,,,,,,,,,,,,,,,,,,,,,,,,,,,,,,,,,,,,,,,,,,,,,,,,,,,,,,,,,,,,,,,,,,,,,,,,,,,,,,,,,,,,,,,,,,,,,,,,,,,,,,,2,,150.0,0.0,,,,,1,100.0,150.0,1,,,,,,,,,,,,,,,,,,,,,,,,,,,,,,,,,,,,,,,,,,,,,,,,,,,,,,,,,,,,,,,,,,,,,,,,,,,,,,,,,,,,,,,,,,,,,,,,,,,,,,,,,,,,
1,smcq008k,,0,5,8,ftrust,ResultsWaitPage,2024-03-18 21:41:47.962238,1,,,0.0,0.0,,,,,vgwd80am,,,,,1,1.0,0.0,ftrust,1,,0.0,0.0,,,,,1,100.0,,1,,,,,,,,,,,,,,,,,,,,,,,,,,,,,,,,,,,,,,,,,,,,,,,,,,,,,,,,,,,,,,,,,,,,,,,,,,,,,,,,,,,,,,,,,,,,,,,,,,,,,,,,,,,,,,,,,,,,,,,,,,,,,,,,,,,,,,,,,,,,,,,,,,,,,,,,,,,,,,,,,,,,,,,,,,,,,,,,,,,,,,,,,,,,,,,,,,,,,,,,,,,,,,,,,,,,,,,,,,,,,,,,,,,,
2,nd5vtzsv,,0,4,8,ftrust,SendBack,2024-03-18 21:42:57.646009,1,,,0.0,0.0,,,,,vgwd80am,,,,,1,1.0,0.0,ftrust,2,,0.0,0.0,,,,,1,100.0,,1,,,,,,,,,,,,,,,,,,,,,,,,,,,,,,,,,,,,,,,,,,,,,,,,,,,,,,,,,,,,,,,,,,,,,,,,,,,,,,,,,,,,,,,,,,,,,,,,,,,,,,,,,,,,,,,,,,,,,,,,,,,,,,,,,,,,,,,,,,,,,,,,,,,,,,,,,,,,,,,,,,,,,,,,,,,,,,,,,,,,,,,,,,,,,,,,,,,,,,,,,,,,,,,,,,,,,,,,,,,,,,,,,,,,
1,wyapknc8,,0,7,8,ftrust,Checks,2024-03-18 21:48:36.247156,1,,,135.0,135.0,,,,,n15xasvs,,,,,0,1.0,0.0,ftrust,1,,135.0,0.0,,,,,1,70.0,105.0,1,,,,,,,,,,,,,,,,,,,,,,,,,,,,,,,,,,,,,,,,,,,,,,,,,,,,,,,,,,,,,,,,,,,,,,,,,,,,,,,,,,,,,,,,,,,,,,,,,,,,,,,,,,,,,,,,,,,,,,,,,,,,,,,,,,,,,,,,,,,,,,,,,,,,,,,,,,,,,,,,,,,,,,,,,,,,,,,,,,,,,,,,,,,,,,,,,,,,,,,,,,,,,,,,,,,,,,,,,,,,,,,,,,,,
2,e4ydic6g,,0,7,8,ftrust,Checks,2024-03-18 21:48:36.308572,1,,,105.0,105.0,,,,,n15xasvs,,,,,0,1.0,0.0,ftrust,2,,105.0,0.0,,,,,1,70.0,105.0,1,,,,,,,,,,,,,,,,,,,,,,,,,,,,,,,,,,,,,,,,,,,,,,,,,,,,,,,,,,,,,,,,,,,,,,,,,,,,,,,,,,,,,,,,,,,,,,,,,,,,,,,,,,,,,,,,,,,,,,,,,,,,,,,,,,,,,,,,,,,,,,,,,,,,,,,,,,,,,,,,,,,,,,,,,,,,,,,,,,,,,,,,,,,,,,,,,,,,,,,,,,,,,,,,,,,,,,,,,,,,,,,,,,,,
3,q58h5dif,,0,7,8,ftrust,Checks,2024-03-18 21:48:36.245533,1,,,135.0,135.0,,,,,n15xasvs,,,,,0,1.0,0.0,ftrust,1,,135.0,0.0,,,,,2,70.0,105.0,1,,,,,,,,,,,,,,,,,,,,,,,,,,,,,,,,,,,,,,,,,,,,,,,,,,,,,,,,,,,,,,,,,,,,,,,,,,,,,,,,,,,,,,,,,,,,,,,,,,,,,,,,,,,,,,,,,,,,,,,,,,,,,,,,,,,,,,,,,,,,,,,,,,,,,,,,,,,,,,,,,,,,,,,,,,,,,,,,,,,,,,,,,,,,,,,,,,,,,,,,,,,,,,,,,,,,,,,,,,,,,,,,,,,,
4,c9nxaod2,,0,7,8,ftrust,Checks,2024-03-18 21:48:36.242367,1,,,105.0,105.0,,,,,n15xasvs,,,,,0,1.0,0.0,ftrust,2,,105.0,0.0,,,,,2,70.0,105.0,1,,,,,,,,,,,,,,,,,,,,,,,,,,,,,,,,,,,,,,,,,,,,,,,,,,,,,,,,,,,,,,,,,,,,,,,,,,,,,,,,,,,,,,,,,,,,,,,,,,,,,,,,,,,,,,,,,,,,,,,,,,,,,,,,,,,,,,,,,,,,,,,,,,,,,,,,,,,,,,,,,,,,,,,,,,,,,,,,,,,,,,,,,,,,,,,,,,,,,,,,,,,,,,,,,,,,,,,,,,,,,,,,,,,,
1,ziqdpqix,,0,80,80,ftrust,Thanks,2024-03-18 21:55:04.455632,1,,,1409.0,1409.0,,,,,ixoiy5ih,,,,,0,1.0,0.0,ftrust,1,,125.0,0.0,,,,,1,50.0,75.0,1,1,,130.0,0.0,,,,,1,60.0,90.0,2,1,,135.0,0.0,,,,,1,70.0,105.0,3,1,,140.0,0.0,,,,,1,80.0,120.0,4,1,,142.0,0.0,,,,,1,85.0,127.0,5,1,,145.0,0.0,,,,,1,90.0,135.0,6,1,,148.0,0.0,,,,,1,95.0,143.0,7,1,,148.0,0.0,,,,,1,95.0,143.0,8,1,,148.0,0.0,,,,,1,95.0,143.0,9,1,,148.0,0.0,3,1,1,The experiment was insightful in understanding decision-making behavior in financial scenarios. More context on how managers make their decisions would be beneficial.,1,95.0,143.0,10,,,,,,,,,,,,,,,,,,,,,,,,,,,,,,,,,,,,,,,,,,,,,,,,,,,,,,,,,,,,,,,,,,,,,,,,,,,,,,,,,,,,,,,,,,,,,,,,,,,,,,,,,,,,,,,,,,,,,,,,
2,6a45dqa9,,0,80,80,ftrust,Thanks,2024-03-18 21:55:04.868602,1,,,1221.0,1221.0,,,,,ixoiy5ih,,,,,0,1.0,0.0,ftrust,2,,75.0,0.0,,,,,1,50.0,75.0,1,2,,90.0,0.0,,,,,1,60.0,90.0,2,2,,105.0,0.0,,,,,1,70.0,105.0,3,2,,120.0,0.0,,,,,1,80.0,120.0,4,2,,128.0,0.0,,,,,1,85.0,127.0,5,2,,135.0,0.0,,,,,1,90.0,135.0,6,2,,142.0,0.0,,,,,1,95.0,143.0,7,2,,142.0,0.0,,,,,1,95.0,143.0,8,2,,142.0,0.0,,,,,1,95.0,143.0,9,2,,142.0,0.0,3,2,2,The experiment provided clear insights into decision-making processes within a profit-sharing context. It was intriguing to observe the dynamics of mutual benefit between the investor and the manager over consecutive rounds.,1,95.0,143.0,10,,,,,,,,,,,,,,,,,,,,,,,,,,,,,,,,,,,,,,,,,,,,,,,,,,,,,,,,,,,,,,,,,,,,,,,,,,,,,,,,,,,,,,,,,,,,,,,,,,,,,,,,,,,,,,,,,,,,,,,,
3,vjkvmwm6,,0,80,80,ftrust,Thanks,2024-03-18 21:55:04.403737,1,,,1459.0,1459.0,,,,,ixoiy5ih,,,,,0,1.0,0.0,ftrust,1,,135.0,0.0,,,,,2,70.0,105.0,1,1,,140.0,0.0,,,,,2,80.0,120.0,2,1,,142.0,0.0,,,,,2,85.0,127.0,3,1,,145.0,0.0,,,,,2,90.0,135.0,4,1,,148.0,0.0,,,,,2,95.0,143.0,5,1,,149.0,0.0,,,,,2,98.0,147.0,6,1,,150.0,0.0,,,,,2,99.0,149.0,7,1,,150.0,0.0,,,,,2,100.0,150.0,8,1,,150.0,0.0,,,,,2,100.0,150.0,9,1,,150.0,0.0,3,1,1,The experiment was engaging and provided interesting insights into investment and wealth distribution dynamics between investors and managers.,2,100.0,150.0,10,,,,,,,,,,,,,,,,,,,,,,,,,,,,,,,,,,,,,,,,,,,,,,,,,,,,,,,,,,,,,,,,,,,,,,,,,,,,,,,,,,,,,,,,,,,,,,,,,,,,,,,,,,,,,,,,,,,,,,,,
4,nwvtapgg,,0,80,80,ftrust,Thanks,2024-03-18 21:55:04.423578,1,,,1375.0,1375.0,,,,,ixoiy5ih,,,,,0,1.0,0.0,ftrust,2,,105.0,0.0,,,,,2,70.0,105.0,1,2,,120.0,0.0,,,,,2,80.0,120.0,2,2,,128.0,0.0,,,,,2,85.0,127.0,3,2,,135.0,0.0,,,,,2,90.0,135.0,4,2,,142.0,0.0,,,,,2,95.0,143.0,5,2,,147.0,0.0,,,,,2,98.0,147.0,6,2,,148.0,0.0,,,,,2,99.0,149.0,7,2,,150.0,0.0,,,,,2,100.0,150.0,8,2,,150.0,0.0,,,,,2,100.0,150.0,9,2,,150.0,0.0,3,2,1,No specific feedback.,2,100.0,150.0,10,,,,,,,,,,,,,,,,,,,,,,,,,,,,,,,,,,,,,,,,,,,,,,,,,,,,,,,,,,,,,,,,,,,,,,,,,,,,,,,,,,,,,,,,,,,,,,,,,,,,,,,,,,,,,,,,,,,,,,,,
1,4zh7fi5n,,0,8,8,trust,Thanks,2024-03-19 01:49:21.919457,1,,,125.0,125.0,,,,,a7rcvrz7,,,,,0,1.0,0.0,trust,,,,,,,,,,,,,,,,,,,,,,,,,,,,,,,,,,,,,,,,,,,,,,,,,,,,,,,,,,,,,,,,,,,,,,,,,,,,,,,,,,,,,,,,,,,,,,,,,,,,,,,,,,,,,,,,,,,,,,,,,1,,125.0,0.0,3,1,1,No specific feedback; the game well illustrates the impact of reciprocity and trust in decision-making processes.,1,50.0,75.0,1,,,,,,,,,,,,,,,,,,,,,,,,,,,,,,,,,,,,,,,,,,,,,,,,,,,,,,,,,,,,,,,,,,,,,,,,,,,,,,,,,,,,,,,,,,,,,,,,,,,,,,,,,,,,
2,3c6iwbuc,,0,8,8,trust,Thanks,2024-03-19 01:49:21.917944,1,,,75.0,75.0,,,,,a7rcvrz7,,,,,0,1.0,0.0,trust,,,,,,,,,,,,,,,,,,,,,,,,,,,,,,,,,,,,,,,,,,,,,,,,,,,,,,,,,,,,,,,,,,,,,,,,,,,,,,,,,,,,,,,,,,,,,,,,,,,,,,,,,,,,,,,,,,,,,,,,,2,,75.0,0.0,3,2,1,The experiment was engaging and offered interesting insights into decision-making and trust between anonymous players.,1,50.0,75.0,1,,,,,,,,,,,,,,,,,,,,,,,,,,,,,,,,,,,,,,,,,,,,,,,,,,,,,,,,,,,,,,,,,,,,,,,,,,,,,,,,,,,,,,,,,,,,,,,,,,,,,,,,,,,,
3,d42611av,,0,8,8,trust,Thanks,2024-03-19 01:49:21.914442,1,,,125.0,125.0,,,,,a7rcvrz7,,,,,0,1.0,0.0,trust,,,,,,,,,,,,,,,,,,,,,,,,,,,,,,,,,,,,,,,,,,,,,,,,,,,,,,,,,,,,,,,,,,,,,,,,,,,,,,,,,,,,,,,,,,,,,,,,,,,,,,,,,,,,,,,,,,,,,,,,,1,,125.0,0.0,3,1,1,"The experiment was intriguing, highlighting how trust and strategy play roles in such economic games. Perhaps further variations of the multiplier could provide more insights into decision-making behaviors.",2,50.0,75.0,1,,,,,,,,,,,,,,,,,,,,,,,,,,,,,,,,,,,,,,,,,,,,,,,,,,,,,,,,,,,,,,,,,,,,,,,,,,,,,,,,,,,,,,,,,,,,,,,,,,,,,,,,,,,,
4,jpe636ww,,0,8,8,trust,Thanks,2024-03-19 01:49:21.916621,1,,,75.0,75.0,,,,,a7rcvrz7,,,,,0,1.0,0.0,trust,,,,,,,,,,,,,,,,,,,,,,,,,,,,,,,,,,,,,,,,,,,,,,,,,,,,,,,,,,,,,,,,,,,,,,,,,,,,,,,,,,,,,,,,,,,,,,,,,,,,,,,,,,,,,,,,,,,,,,,,,2,,75.0,0.0,3,2,1,The game is a fascinating insight into decision-making and trust between anonymous participants. It would be interesting to see variations of the multiplier or the inclusion of more rounds to observe changes in strategy.,2,50.0,75.0,1,,,,,,,,,,,,,,,,,,,,,,,,,,,,,,,,,,,,,,,,,,,,,,,,,,,,,,,,,,,,,,,,,,,,,,,,,,,,,,,,,,,,,,,,,,,,,,,,,,,,,,,,,,,,
1,xaxgywej,,0,80,80,trust,Thanks,2024-03-19 01:51:41.718224,1,,,1405.0,1405.0,,,,,6tokdv1p,,,,,0,1.0,0.0,trust,,,,,,,,,,,,,,,,,,,,,,,,,,,,,,,,,,,,,,,,,,,,,,,,,,,,,,,,,,,,,,,,,,,,,,,,,,,,,,,,,,,,,,,,,,,,,,,,,,,,,,,,,,,,,,,,,,,,,,,,,1,,125.0,0.0,,,,,1,50.0,75.0,1,1,,130.0,0.0,,,,,1,60.0,90.0,2,1,,135.0,0.0,,,,,1,70.0,105.0,3,1,,140.0,0.0,,,,,1,80.0,120.0,4,1,,142.0,0.0,,,,,1,85.0,127.0,5,1,,145.0,0.0,,,,,1,90.0,135.0,6,1,,147.0,0.0,,,,,1,95.0,142.0,7,1,,147.0,0.0,,,,,1,95.0,142.0,8,1,,147.0,0.0,,,,,1,95.0,142.0,9,1,,147.0,0.0,3,1,1,"The experiment was engaging, and it was interesting to observe how trust and reciprocity evolved over the rounds. It would be interesting to see a variation of the game where the roles are reversed or change throughout the game.",1,95.0,142.0,10
2,z0cazv8p,,0,80,80,trust,Thanks,2024-03-19 01:51:41.723699,1,,,1225.0,1225.0,,,,,6tokdv1p,,,,,0,1.0,0.0,trust,,,,,,,,,,,,,,,,,,,,,,,,,,,,,,,,,,,,,,,,,,,,,,,,,,,,,,,,,,,,,,,,,,,,,,,,,,,,,,,,,,,,,,,,,,,,,,,,,,,,,,,,,,,,,,,,,,,,,,,,,2,,75.0,0.0,,,,,1,50.0,75.0,1,2,,90.0,0.0,,,,,1,60.0,90.0,2,2,,105.0,0.0,,,,,1,70.0,105.0,3,2,,120.0,0.0,,,,,1,80.0,120.0,4,2,,128.0,0.0,,,,,1,85.0,127.0,5,2,,135.0,0.0,,,,,1,90.0,135.0,6,2,,143.0,0.0,,,,,1,95.0,142.0,7,2,,143.0,0.0,,,,,1,95.0,142.0,8,2,,143.0,0.0,,,,,1,95.0,142.0,9,2,,143.0,0.0,3,2,1,The balance between cooperation and self-interest in this game offers interesting insights into decision-making strategies. More variety in the multiplier could add interesting dynamics.,1,95.0,142.0,10
3,kr7wf62x,,0,80,80,trust,Thanks,2024-03-19 01:51:41.721589,1,,,1396.0,1396.0,,,,,6tokdv1p,,,,,0,1.0,0.0,trust,,,,,,,,,,,,,,,,,,,,,,,,,,,,,,,,,,,,,,,,,,,,,,,,,,,,,,,,,,,,,,,,,,,,,,,,,,,,,,,,,,,,,,,,,,,,,,,,,,,,,,,,,,,,,,,,,,,,,,,,,1,,125.0,0.0,,,,,2,50.0,75.0,1,1,,130.0,0.0,,,,,2,60.0,90.0,2,1,,135.0,0.0,,,,,2,70.0,105.0,3,1,,140.0,0.0,,,,,2,80.0,120.0,4,1,,142.0,0.0,,,,,2,85.0,127.0,5,1,,145.0,0.0,,,,,2,90.0,135.0,6,1,,145.0,0.0,,,,,2,90.0,135.0,7,1,,147.0,0.0,,,,,2,95.0,142.0,8,1,,145.0,0.0,,,,,2,90.0,135.0,9,1,,142.0,0.0,3,1,1,The game presents an interesting exploration of trust and reciprocity. Consider providing more detail on the multiplier effect in the instructions for clearer understanding.,2,85.0,127.0,10
4,v2wj4s8s,,0,80,80,trust,Thanks,2024-03-19 01:51:47.852159,1,,,1194.0,1194.0,,,,,6tokdv1p,,,,,0,1.0,0.0,trust,,,,,,,,,,,,,,,,,,,,,,,,,,,,,,,,,,,,,,,,,,,,,,,,,,,,,,,,,,,,,,,,,,,,,,,,,,,,,,,,,,,,,,,,,,,,,,,,,,,,,,,,,,,,,,,,,,,,,,,,,2,,75.0,0.0,,,,,2,50.0,75.0,1,2,,90.0,0.0,,,,,2,60.0,90.0,2,2,,105.0,0.0,,,,,2,70.0,105.0,3,2,,120.0,0.0,,,,,2,80.0,120.0,4,2,,128.0,0.0,,,,,2,85.0,127.0,5,2,,135.0,0.0,,,,,2,90.0,135.0,6,2,,135.0,0.0,,,,,2,90.0,135.0,7,2,,143.0,0.0,,,,,2,95.0,142.0,8,2,,135.0,0.0,,,,,2,90.0,135.0,9,2,,128.0,0.0,3,2,1,The experiment was engaging and provided insight into decision-making in an economic context. The multiplier effect created an interesting dynamic that encouraged strategic thinking.,2,85.0,127.0,10
1,hyig1lec,,0,21,80,ftrust,ResultsWaitPage,2024-03-19 02:52:50.581790,1,,,272.0,272.0,,,,,u00bslsr,,,,,0,1.0,0.0,ftrust,1,,135.0,0.0,,,,,1,70.0,105.0,1,1,,137.0,0.0,,,,,1,75.0,112.0,2,1,,0.0,0.0,,,,,1,80.0,,3,1,,0.0,0.0,,,,,1,,,4,1,,0.0,0.0,,,,,1,,,5,1,,0.0,0.0,,,,,1,,,6,1,,0.0,0.0,,,,,1,,,7,1,,0.0,0.0,,,,,1,,,8,1,,0.0,0.0,,,,,1,,,9,1,,0.0,0.0,,,,,1,,,10,,,,,,,,,,,,,,,,,,,,,,,,,,,,,,,,,,,,,,,,,,,,,,,,,,,,,,,,,,,,,,,,,,,,,,,,,,,,,,,,,,,,,,,,,,,,,,,,,,,,,,,,,,,,,,,,,,,,,,,,
2,j3te2wrv,,0,20,80,ftrust,SendBack,2024-03-19 02:52:51.055866,1,,,218.0,218.0,,,,,u00bslsr,,,,,0,1.0,0.0,ftrust,2,,105.0,0.0,,,,,1,70.0,105.0,1,2,,113.0,0.0,,,,,1,75.0,112.0,2,2,,0.0,0.0,,,,,1,80.0,,3,2,,0.0,0.0,,,,,1,,,4,2,,0.0,0.0,,,,,1,,,5,2,,0.0,0.0,,,,,1,,,6,2,,0.0,0.0,,,,,1,,,7,2,,0.0,0.0,,,,,1,,,8,2,,0.0,0.0,,,,,1,,,9,2,,0.0,0.0,,,,,1,,,10,,,,,,,,,,,,,,,,,,,,,,,,,,,,,,,,,,,,,,,,,,,,,,,,,,,,,,,,,,,,,,,,,,,,,,,,,,,,,,,,,,,,,,,,,,,,,,,,,,,,,,,,,,,,,,,,,,,,,,,,
3,8jyn5yyt,,0,22,80,ftrust,Results,2024-03-19 02:52:49.483351,1,,,420.0,420.0,,,,,u00bslsr,,,,,0,1.0,0.0,ftrust,1,,135.0,0.0,,,,,2,70.0,105.0,1,1,,140.0,0.0,,,,,2,80.0,120.0,2,1,,145.0,0.0,,,,,2,90.0,135.0,3,1,,0.0,0.0,,,,,2,,,4,1,,0.0,0.0,,,,,2,,,5,1,,0.0,0.0,,,,,2,,,6,1,,0.0,0.0,,,,,2,,,7,1,,0.0,0.0,,,,,2,,,8,1,,0.0,0.0,,,,,2,,,9,1,,0.0,0.0,,,,,2,,,10,,,,,,,,,,,,,,,,,,,,,,,,,,,,,,,,,,,,,,,,,,,,,,,,,,,,,,,,,,,,,,,,,,,,,,,,,,,,,,,,,,,,,,,,,,,,,,,,,,,,,,,,,,,,,,,,,,,,,,,,
4,g0drxxtx,,0,22,80,ftrust,Results,2024-03-19 02:52:50.227688,1,,,360.0,360.0,,,,,u00bslsr,,,,,0,1.0,0.0,ftrust,2,,105.0,0.0,,,,,2,70.0,105.0,1,2,,120.0,0.0,,,,,2,80.0,120.0,2,2,,135.0,0.0,,,,,2,90.0,135.0,3,2,,0.0,0.0,,,,,2,,,4,2,,0.0,0.0,,,,,2,,,5,2,,0.0,0.0,,,,,2,,,6,2,,0.0,0.0,,,,,2,,,7,2,,0.0,0.0,,,,,2,,,8,2,,0.0,0.0,,,,,2,,,9,2,,0.0,0.0,,,,,2,,,10,,,,,,,,,,,,,,,,,,,,,,,,,,,,,,,,,,,,,,,,,,,,,,,,,,,,,,,,,,,,,,,,,,,,,,,,,,,,,,,,,,,,,,,,,,,,,,,,,,,,,,,,,,,,,,,,,,,,,,,,
1,ik58pir3,,0,10,80,ftrust,Send,2024-03-19 03:15:29.964420,1,,,175.0,175.0,,,,,2ty64qrz,,,,,0,1.0,0.0,ftrust,1,,175.0,0.0,,,,,1,75.0,150.0,1,1,,0.0,0.0,,,,,1,,,2,1,,0.0,0.0,,,,,1,,,3,1,,0.0,0.0,,,,,1,,,4,1,,0.0,0.0,,,,,1,,,5,1,,0.0,0.0,,,,,1,,,6,1,,0.0,0.0,,,,,1,,,7,1,,0.0,0.0,,,,,1,,,8,1,,0.0,0.0,,,,,1,,,9,1,,0.0,0.0,,,,,1,,,10,,,,,,,,,,,,,,,,,,,,,,,,,,,,,,,,,,,,,,,,,,,,,,,,,,,,,,,,,,,,,,,,,,,,,,,,,,,,,,,,,,,,,,,,,,,,,,,,,,,,,,,,,,,,,,,,,,,,,,,,
2,zuju5afo,,0,11,80,ftrust,SendBackWaitPage,2024-03-19 03:15:29.904793,1,,,75.0,75.0,,,,,2ty64qrz,,,,,0,1.0,0.0,ftrust,2,,75.0,0.0,,,,,1,75.0,150.0,1,2,,0.0,0.0,,,,,1,,,2,2,,0.0,0.0,,,,,1,,,3,2,,0.0,0.0,,,,,1,,,4,2,,0.0,0.0,,,,,1,,,5,2,,0.0,0.0,,,,,1,,,6,2,,0.0,0.0,,,,,1,,,7,2,,0.0,0.0,,,,,1,,,8,2,,0.0,0.0,,,,,1,,,9,2,,0.0,0.0,,,,,1,,,10,,,,,,,,,,,,,,,,,,,,,,,,,,,,,,,,,,,,,,,,,,,,,,,,,,,,,,,,,,,,,,,,,,,,,,,,,,,,,,,,,,,,,,,,,,,,,,,,,,,,,,,,,,,,,,,,,,,,,,,,
3,app4dskb,,0,18,80,ftrust,Send,2024-03-19 03:15:29.978597,1,,,265.0,265.0,,,,,2ty64qrz,,,,,0,1.0,0.0,ftrust,1,,135.0,0.0,,,,,2,70.0,105.0,1,1,,130.0,0.0,,,,,2,60.0,90.0,2,1,,0.0,0.0,,,,,2,,,3,1,,0.0,0.0,,,,,2,,,4,1,,0.0,0.0,,,,,2,,,5,1,,0.0,0.0,,,,,2,,,6,1,,0.0,0.0,,,,,2,,,7,1,,0.0,0.0,,,,,2,,,8,1,,0.0,0.0,,,,,2,,,9,1,,0.0,0.0,,,,,2,,,10,,,,,,,,,,,,,,,,,,,,,,,,,,,,,,,,,,,,,,,,,,,,,,,,,,,,,,,,,,,,,,,,,,,,,,,,,,,,,,,,,,,,,,,,,,,,,,,,,,,,,,,,,,,,,,,,,,,,,,,,
4,ggiggid0,,0,19,80,ftrust,SendBackWaitPage,2024-03-19 03:15:29.820829,1,,,195.0,195.0,,,,,2ty64qrz,,,,,0,1.0,0.0,ftrust,2,,105.0,0.0,,,,,2,70.0,105.0,1,2,,90.0,0.0,,,,,2,60.0,90.0,2,2,,0.0,0.0,,,,,2,,,3,2,,0.0,0.0,,,,,2,,,4,2,,0.0,0.0,,,,,2,,,5,2,,0.0,0.0,,,,,2,,,6,2,,0.0,0.0,,,,,2,,,7,2,,0.0,0.0,,,,,2,,,8,2,,0.0,0.0,,,,,2,,,9,2,,0.0,0.0,,,,,2,,,10,,,,,,,,,,,,,,,,,,,,,,,,,,,,,,,,,,,,,,,,,,,,,,,,,,,,,,,,,,,,,,,,,,,,,,,,,,,,,,,,,,,,,,,,,,,,,,,,,,,,,,,,,,,,,,,,,,,,,,,,
1,85bfzueu,,0,80,80,ftrust,Thanks,2024-03-19 15:20:16.348618,1,,,1725.0,1725.0,,,,,tkf2ngqj,,,,,0,1.0,0.0,ftrust,1,,175.0,0.0,,,,,1,75.0,150.0,1,1,,180.0,0.0,,,,,1,80.0,160.0,2,1,,185.0,0.0,,,,,1,85.0,170.0,3,1,,190.0,0.0,,,,,1,90.0,180.0,4,1,,195.0,0.0,,,,,1,95.0,190.0,5,1,,200.0,0.0,,,,,1,100.0,200.0,6,1,,150.0,0.0,,,,,1,100.0,150.0,7,1,,150.0,0.0,,,,,1,100.0,150.0,8,1,,150.0,0.0,,,,,1,100.0,150.0,9,1,,150.0,0.0,3,1,1,,1,100.0,150.0,10,,,,,,,,,,,,,,,,,,,,,,,,,,,,,,,,,,,,,,,,,,,,,,,,,,,,,,,,,,,,,,,,,,,,,,,,,,,,,,,,,,,,,,,,,,,,,,,,,,,,,,,,,,,,,,,,,,,,,,,,
2,lewicjaw,,0,80,80,ftrust,Thanks,2024-03-19 15:20:16.405947,1,,,1125.0,1125.0,,,,,tkf2ngqj,,,,,0,1.0,0.0,ftrust,2,,75.0,0.0,,,,,1,75.0,150.0,1,2,,80.0,0.0,,,,,1,80.0,160.0,2,2,,85.0,0.0,,,,,1,85.0,170.0,3,2,,90.0,0.0,,,,,1,90.0,180.0,4,2,,95.0,0.0,,,,,1,95.0,190.0,5,2,,100.0,0.0,,,,,1,100.0,200.0,6,2,,150.0,0.0,,,,,1,100.0,150.0,7,2,,150.0,0.0,,,,,1,100.0,150.0,8,2,,150.0,0.0,,,,,1,100.0,150.0,9,2,,150.0,0.0,3,1,2,The experiment offers valuable insights into decision-making processes in economic transactions. Adjusting the parameters for the investment and return could provide even deeper insights.,1,100.0,150.0,10,,,,,,,,,,,,,,,,,,,,,,,,,,,,,,,,,,,,,,,,,,,,,,,,,,,,,,,,,,,,,,,,,,,,,,,,,,,,,,,,,,,,,,,,,,,,,,,,,,,,,,,,,,,,,,,,,,,,,,,,
3,6w5dqx8h,,0,80,80,ftrust,Thanks,2024-03-19 15:20:16.222051,1,,,1513.0,1513.0,,,,,tkf2ngqj,,,,,0,1.0,0.0,ftrust,1,,135.0,0.0,,,,,2,70.0,105.0,1,1,,140.0,0.0,,,,,2,80.0,120.0,2,1,,145.0,0.0,,,,,2,85.0,130.0,3,1,,145.0,0.0,,,,,2,90.0,135.0,4,1,,148.0,0.0,,,,,2,95.0,143.0,5,1,,150.0,0.0,,,,,2,100.0,150.0,6,1,,155.0,0.0,,,,,2,100.0,155.0,7,1,,160.0,0.0,,,,,2,100.0,160.0,8,1,,165.0,0.0,,,,,2,100.0,165.0,9,1,,170.0,0.0,3,1,1,The game provided valuable insights into decision-making processes in an investment scenario. A suggestion for improvement would be to introduce more varied scenarios or unexpected events to simulate real-world investment environments more closely.,2,100.0,170.0,10,,,,,,,,,,,,,,,,,,,,,,,,,,,,,,,,,,,,,,,,,,,,,,,,,,,,,,,,,,,,,,,,,,,,,,,,,,,,,,,,,,,,,,,,,,,,,,,,,,,,,,,,,,,,,,,,,,,,,,,,
4,f0pzslav,,0,80,80,ftrust,Thanks,2024-03-19 15:20:16.284775,1,,,1327.0,1327.0,,,,,tkf2ngqj,,,,,0,1.0,0.0,ftrust,2,,105.0,0.0,,,,,2,70.0,105.0,1,2,,120.0,0.0,,,,,2,80.0,120.0,2,2,,125.0,0.0,,,,,2,85.0,130.0,3,2,,135.0,0.0,,,,,2,90.0,135.0,4,2,,142.0,0.0,,,,,2,95.0,143.0,5,2,,150.0,0.0,,,,,2,100.0,150.0,6,2,,145.0,0.0,,,,,2,100.0,155.0,7,2,,140.0,0.0,,,,,2,100.0,160.0,8,2,,135.0,0.0,,,,,2,100.0,165.0,9,2,,130.0,0.0,3,2,1,The experiment was insightful in understanding decision-making processes between investors and managers. More clarity on the long-term strategy of dividend payments could improve future participation.,2,100.0,170.0,10,,,,,,,,,,,,,,,,,,,,,,,,,,,,,,,,,,,,,,,,,,,,,,,,,,,,,,,,,,,,,,,,,,,,,,,,,,,,,,,,,,,,,,,,,,,,,,,,,,,,,,,,,,,,,,,,,,,,,,,,
1,focrcgkz,,0,80,80,trust,Thanks,2024-03-19 16:05:45.043611,1,,,1400.0,1400.0,,,,,59lif915,,,,,0,1.0,0.0,trust,,,,,,,,,,,,,,,,,,,,,,,,,,,,,,,,,,,,,,,,,,,,,,,,,,,,,,,,,,,,,,,,,,,,,,,,,,,,,,,,,,,,,,,,,,,,,,,,,,,,,,,,,,,,,,,,,,,,,,,,,1,,150.0,0.0,,,,,1,50.0,100.0,1,1,,150.0,0.0,,,,,1,50.0,100.0,2,1,,150.0,0.0,,,,,1,50.0,100.0,3,1,,150.0,0.0,,,,,1,50.0,100.0,4,1,,150.0,0.0,,,,,1,50.0,100.0,5,1,,150.0,0.0,,,,,1,50.0,100.0,6,1,,125.0,0.0,,,,,1,50.0,75.0,7,1,,125.0,0.0,,,,,1,50.0,75.0,8,1,,125.0,0.0,,,,,1,50.0,75.0,9,1,,125.0,0.0,3,1,1,"The experiment was fascinating, offering insights into decision-making and the dynamics of trust and reciprocity in economic games.",1,50.0,75.0,10
2,k1asszlq,,0,80,80,trust,Thanks,2024-03-19 16:05:45.038958,1,,,600.0,600.0,,,,,59lif915,,,,,0,1.0,0.0,trust,,,,,,,,,,,,,,,,,,,,,,,,,,,,,,,,,,,,,,,,,,,,,,,,,,,,,,,,,,,,,,,,,,,,,,,,,,,,,,,,,,,,,,,,,,,,,,,,,,,,,,,,,,,,,,,,,,,,,,,,,2,,50.0,0.0,,,,,1,50.0,100.0,1,2,,50.0,0.0,,,,,1,50.0,100.0,2,2,,50.0,0.0,,,,,1,50.0,100.0,3,2,,50.0,0.0,,,,,1,50.0,100.0,4,2,,50.0,0.0,,,,,1,50.0,100.0,5,2,,50.0,0.0,,,,,1,50.0,100.0,6,2,,75.0,0.0,,,,,1,50.0,75.0,7,2,,75.0,0.0,,,,,1,50.0,75.0,8,2,,75.0,0.0,,,,,1,50.0,75.0,9,2,,75.0,0.0,3,2,2,The concept of tripling points to incentivize sharing and cooperation is fascinating. It introduces an interesting dynamic between risk and reward.,1,50.0,75.0,10
3,z5ffebsu,,0,80,80,trust,Thanks,2024-03-19 16:05:45.536222,1,,,1425.0,1425.0,,,,,59lif915,,,,,0,1.0,0.0,trust,,,,,,,,,,,,,,,,,,,,,,,,,,,,,,,,,,,,,,,,,,,,,,,,,,,,,,,,,,,,,,,,,,,,,,,,,,,,,,,,,,,,,,,,,,,,,,,,,,,,,,,,,,,,,,,,,,,,,,,,,1,,125.0,0.0,,,,,2,50.0,75.0,1,1,,130.0,0.0,,,,,2,60.0,90.0,2,1,,135.0,0.0,,,,,2,70.0,105.0,3,1,,140.0,0.0,,,,,2,80.0,120.0,4,1,,145.0,0.0,,,,,2,90.0,135.0,5,1,,150.0,0.0,,,,,2,100.0,150.0,6,1,,150.0,0.0,,,,,2,100.0,150.0,7,1,,150.0,0.0,,,,,2,100.0,150.0,8,1,,150.0,0.0,,,,,2,100.0,150.0,9,1,,150.0,0.0,3,1,1,The game provides an interesting look into human cooperation and trust dynamics. A suggestion could be to introduce variability in the multiplier to study its impact.,2,100.0,150.0,10
4,oraooehn,,0,80,80,trust,Thanks,2024-03-19 16:05:45.578959,1,,,1275.0,1275.0,,,,,59lif915,,,,,0,1.0,0.0,trust,,,,,,,,,,,,,,,,,,,,,,,,,,,,,,,,,,,,,,,,,,,,,,,,,,,,,,,,,,,,,,,,,,,,,,,,,,,,,,,,,,,,,,,,,,,,,,,,,,,,,,,,,,,,,,,,,,,,,,,,,2,,75.0,0.0,,,,,2,50.0,75.0,1,2,,90.0,0.0,,,,,2,60.0,90.0,2,2,,105.0,0.0,,,,,2,70.0,105.0,3,2,,120.0,0.0,,,,,2,80.0,120.0,4,2,,135.0,0.0,,,,,2,90.0,135.0,5,2,,150.0,0.0,,,,,2,100.0,150.0,6,2,,150.0,0.0,,,,,2,100.0,150.0,7,2,,150.0,0.0,,,,,2,100.0,150.0,8,2,,150.0,0.0,,,,,2,100.0,150.0,9,2,,150.0,0.0,3,2,1,No specific feedback,2,100.0,150.0,10
1,rnswv77u,,0,80,80,ftrust,Thanks,2024-03-19 16:30:48.690511,1,,,1531.0,1531.0,,,,,z94tg17q,,,,,0,1.0,0.0,ftrust,1,,125.0,0.0,,,,,1,50.0,75.0,1,1,,130.0,0.0,,,,,1,60.0,90.0,2,1,,135.0,0.0,,,,,1,70.0,105.0,3,1,,140.0,0.0,,,,,1,80.0,120.0,4,1,,145.0,0.0,,,,,1,90.0,135.0,5,1,,160.0,0.0,,,,,1,75.0,135.0,6,1,,168.0,0.0,,,,,1,85.0,153.0,7,1,,172.0,0.0,,,,,1,90.0,162.0,8,1,,176.0,0.0,,,,,1,95.0,171.0,9,1,,180.0,0.0,3,1,1,"The experiment provided insightful data on decision-making under uncertainty and offered a clear demonstration of how varying investments can lead to different payoff outcomes. It would be interesting to see further variations, possibly including adverse conditions or penalties, to analyze risk management strategies more deeply.",1,100.0,180.0,10,,,,,,,,,,,,,,,,,,,,,,,,,,,,,,,,,,,,,,,,,,,,,,,,,,,,,,,,,,,,,,,,,,,,,,,,,,,,,,,,,,,,,,,,,,,,,,,,,,,,,,,,,,,,,,,,,,,,,,,,
2,urceue6e,,0,80,80,ftrust,Thanks,2024-03-19 16:30:48.064929,1,,,1059.0,1059.0,,,,,z94tg17q,,,,,0,1.0,0.0,ftrust,2,,75.0,0.0,,,,,1,50.0,75.0,1,2,,90.0,0.0,,,,,1,60.0,90.0,2,2,,105.0,0.0,,,,,1,70.0,105.0,3,2,,120.0,0.0,,,,,1,80.0,120.0,4,2,,135.0,0.0,,,,,1,90.0,135.0,5,2,,90.0,0.0,,,,,1,75.0,135.0,6,2,,102.0,0.0,,,,,1,85.0,153.0,7,2,,108.0,0.0,,,,,1,90.0,162.0,8,2,,114.0,0.0,,,,,1,95.0,171.0,9,2,,120.0,0.0,3,2,1,No specific feedback,1,100.0,180.0,10,,,,,,,,,,,,,,,,,,,,,,,,,,,,,,,,,,,,,,,,,,,,,,,,,,,,,,,,,,,,,,,,,,,,,,,,,,,,,,,,,,,,,,,,,,,,,,,,,,,,,,,,,,,,,,,,,,,,,,,,
3,w4tabhlw,,0,80,80,ftrust,Thanks,2024-03-19 16:30:48.612648,1,,,1468.0,1468.0,,,,,z94tg17q,,,,,0,1.0,0.0,ftrust,1,,135.0,0.0,,,,,2,70.0,105.0,1,1,,140.0,0.0,,,,,2,80.0,120.0,2,1,,145.0,0.0,,,,,2,90.0,135.0,3,1,,148.0,0.0,,,,,2,95.0,143.0,4,1,,150.0,0.0,,,,,2,100.0,150.0,5,1,,150.0,0.0,,,,,2,100.0,150.0,6,1,,150.0,0.0,,,,,2,100.0,150.0,7,1,,150.0,0.0,,,,,2,100.0,150.0,8,1,,150.0,0.0,,,,,2,100.0,150.0,9,1,,150.0,0.0,3,1,1,The game provides intriguing insights into decision-making and wealth maximization strategies within investor-manager dynamics. It might be beneficial to explore how different levels of risk affect decision-making in future studies.,2,100.0,150.0,10,,,,,,,,,,,,,,,,,,,,,,,,,,,,,,,,,,,,,,,,,,,,,,,,,,,,,,,,,,,,,,,,,,,,,,,,,,,,,,,,,,,,,,,,,,,,,,,,,,,,,,,,,,,,,,,,,,,,,,,,
4,u9bcm4r4,,0,80,80,ftrust,Thanks,2024-03-19 16:30:48.580109,1,,,1402.0,1402.0,,,,,z94tg17q,,,,,0,1.0,0.0,ftrust,2,,105.0,0.0,,,,,2,70.0,105.0,1,2,,120.0,0.0,,,,,2,80.0,120.0,2,2,,135.0,0.0,,,,,2,90.0,135.0,3,2,,142.0,0.0,,,,,2,95.0,143.0,4,2,,150.0,0.0,,,,,2,100.0,150.0,5,2,,150.0,0.0,,,,,2,100.0,150.0,6,2,,150.0,0.0,,,,,2,100.0,150.0,7,2,,150.0,0.0,,,,,2,100.0,150.0,8,2,,150.0,0.0,,,,,2,100.0,150.0,9,2,,150.0,0.0,3,2,2,The experiment provided clear insight into investment strategy and wealth management. It would be interesting to see how variations in the multiplier affect decisions.,2,100.0,150.0,10,,,,,,,,,,,,,,,,,,,,,,,,,,,,,,,,,,,,,,,,,,,,,,,,,,,,,,,,,,,,,,,,,,,,,,,,,,,,,,,,,,,,,,,,,,,,,,,,,,,,,,,,,,,,,,,,,,,,,,,,
1,h3e64a10,,0,80,80,trust,Thanks,2024-03-19 16:48:39.648912,1,,,1376.0,1376.0,,,,,lil68bau,,,,,0,1.0,0.0,trust,,,,,,,,,,,,,,,,,,,,,,,,,,,,,,,,,,,,,,,,,,,,,,,,,,,,,,,,,,,,,,,,,,,,,,,,,,,,,,,,,,,,,,,,,,,,,,,,,,,,,,,,,,,,,,,,,,,,,,,,,1,,125.0,0.0,,,,,1,50.0,75.0,1,1,,125.0,0.0,,,,,1,50.0,75.0,2,1,,130.0,0.0,,,,,1,60.0,90.0,3,1,,135.0,0.0,,,,,1,70.0,105.0,4,1,,137.0,0.0,,,,,1,75.0,112.0,5,1,,140.0,0.0,,,,,1,80.0,120.0,6,1,,142.0,0.0,,,,,1,85.0,127.0,7,1,,145.0,0.0,,,,,1,90.0,135.0,8,1,,147.0,0.0,,,,,1,95.0,142.0,9,1,,150.0,0.0,3,1,1,"The experiment was insightful, especially regarding decision-making under uncertainty and trust dynamics. It would be interesting to see how strategies evolve in repeated games with the same partner.",1,100.0,150.0,10
2,ylec8qme,,0,80,80,trust,Thanks,2024-03-19 16:48:39.601887,1,,,1134.0,1134.0,,,,,lil68bau,,,,,0,1.0,0.0,trust,,,,,,,,,,,,,,,,,,,,,,,,,,,,,,,,,,,,,,,,,,,,,,,,,,,,,,,,,,,,,,,,,,,,,,,,,,,,,,,,,,,,,,,,,,,,,,,,,,,,,,,,,,,,,,,,,,,,,,,,,2,,75.0,0.0,,,,,1,50.0,75.0,1,2,,75.0,0.0,,,,,1,50.0,75.0,2,2,,90.0,0.0,,,,,1,60.0,90.0,3,2,,105.0,0.0,,,,,1,70.0,105.0,4,2,,113.0,0.0,,,,,1,75.0,112.0,5,2,,120.0,0.0,,,,,1,80.0,120.0,6,2,,128.0,0.0,,,,,1,85.0,127.0,7,2,,135.0,0.0,,,,,1,90.0,135.0,8,2,,143.0,0.0,,,,,1,95.0,142.0,9,2,,150.0,0.0,3,2,1,"The experiment was engaging, offering insightful dynamics into decision-making and the essence of cooperation. A suggestion could be to include a debrief session to discuss strategies and outcomes with other participants.",1,100.0,150.0,10
3,0xnog8zo,,0,80,80,trust,Thanks,2024-03-19 16:48:40.245749,1,,,1414.0,1414.0,,,,,lil68bau,,,,,0,1.0,0.0,trust,,,,,,,,,,,,,,,,,,,,,,,,,,,,,,,,,,,,,,,,,,,,,,,,,,,,,,,,,,,,,,,,,,,,,,,,,,,,,,,,,,,,,,,,,,,,,,,,,,,,,,,,,,,,,,,,,,,,,,,,,1,,125.0,0.0,,,,,2,50.0,75.0,1,1,,130.0,0.0,,,,,2,60.0,90.0,2,1,,135.0,0.0,,,,,2,70.0,105.0,3,1,,140.0,0.0,,,,,2,80.0,120.0,4,1,,145.0,0.0,,,,,2,90.0,135.0,5,1,,150.0,0.0,,,,,2,100.0,150.0,6,1,,143.0,0.0,,,,,2,85.0,128.0,7,1,,148.0,0.0,,,,,2,95.0,143.0,8,1,,150.0,0.0,,,,,2,100.0,150.0,9,1,,148.0,0.0,3,1,1,No feedback,2,95.0,143.0,10
4,feen3ll6,,0,80,80,trust,Thanks,2024-03-19 16:48:39.610277,1,,,1236.0,1236.0,,,,,lil68bau,,,,,0,1.0,0.0,trust,,,,,,,,,,,,,,,,,,,,,,,,,,,,,,,,,,,,,,,,,,,,,,,,,,,,,,,,,,,,,,,,,,,,,,,,,,,,,,,,,,,,,,,,,,,,,,,,,,,,,,,,,,,,,,,,,,,,,,,,,2,,75.0,0.0,,,,,2,50.0,75.0,1,2,,90.0,0.0,,,,,2,60.0,90.0,2,2,,105.0,0.0,,,,,2,70.0,105.0,3,2,,120.0,0.0,,,,,2,80.0,120.0,4,2,,135.0,0.0,,,,,2,90.0,135.0,5,2,,150.0,0.0,,,,,2,100.0,150.0,6,2,,127.0,0.0,,,,,2,85.0,128.0,7,2,,142.0,0.0,,,,,2,95.0,143.0,8,2,,150.0,0.0,,,,,2,100.0,150.0,9,2,,142.0,0.0,3,2,1,"No specific feedback, but found the experiment engaging and the strategy involved in point exchanges interesting to consider.",2,95.0,143.0,10
1,9dafvpsz,,0,80,80,ftrust,Thanks,2024-03-19 17:06:16.878797,1,,,1375.0,1375.0,,,,,6kwrah0o,,,,,0,1.0,0.0,ftrust,1,,125.0,0.0,,,,,1,50.0,75.0,1,1,,130.0,0.0,,,,,1,60.0,90.0,2,1,,135.0,0.0,,,,,1,70.0,105.0,3,1,,140.0,0.0,,,,,1,80.0,120.0,4,1,,145.0,0.0,,,,,1,90.0,135.0,5,1,,142.0,0.0,,,,,1,85.0,127.0,6,1,,138.0,0.0,,,,,1,75.0,113.0,7,1,,140.0,0.0,,,,,1,80.0,120.0,8,1,,142.0,0.0,,,,,1,85.0,127.0,9,1,,138.0,0.0,3,1,1,"The experiment was insightful, though more variability in scenarios could provide deeper insights into decision-making processes.",1,75.0,113.0,10,,,,,,,,,,,,,,,,,,,,,,,,,,,,,,,,,,,,,,,,,,,,,,,,,,,,,,,,,,,,,,,,,,,,,,,,,,,,,,,,,,,,,,,,,,,,,,,,,,,,,,,,,,,,,,,,,,,,,,,,
2,jvrzu1er,,0,80,80,ftrust,Thanks,2024-03-19 17:06:13.503556,1,,,1125.0,1125.0,,,,,6kwrah0o,,,,,0,1.0,0.0,ftrust,2,,75.0,0.0,,,,,1,50.0,75.0,1,2,,90.0,0.0,,,,,1,60.0,90.0,2,2,,105.0,0.0,,,,,1,70.0,105.0,3,2,,120.0,0.0,,,,,1,80.0,120.0,4,2,,135.0,0.0,,,,,1,90.0,135.0,5,2,,128.0,0.0,,,,,1,85.0,127.0,6,2,,112.0,0.0,,,,,1,75.0,113.0,7,2,,120.0,0.0,,,,,1,80.0,120.0,8,2,,128.0,0.0,,,,,1,85.0,127.0,9,2,,112.0,0.0,3,2,2,n/a,1,75.0,113.0,10,,,,,,,,,,,,,,,,,,,,,,,,,,,,,,,,,,,,,,,,,,,,,,,,,,,,,,,,,,,,,,,,,,,,,,,,,,,,,,,,,,,,,,,,,,,,,,,,,,,,,,,,,,,,,,,,,,,,,,,,
3,5oloxamk,,0,80,80,ftrust,Thanks,2024-03-19 17:06:13.868592,1,,,1412.0,1412.0,,,,,6kwrah0o,,,,,0,1.0,0.0,ftrust,1,,125.0,0.0,,,,,2,50.0,75.0,1,1,,130.0,0.0,,,,,2,60.0,90.0,2,1,,135.0,0.0,,,,,2,70.0,105.0,3,1,,140.0,0.0,,,,,2,80.0,120.0,4,1,,142.0,0.0,,,,,2,85.0,127.0,5,1,,145.0,0.0,,,,,2,90.0,135.0,6,1,,147.0,0.0,,,,,2,95.0,142.0,7,1,,149.0,0.0,,,,,2,98.0,147.0,8,1,,149.0,0.0,,,,,2,99.0,148.0,9,1,,150.0,0.0,3,1,1,The experiment provided valuable insights into the dynamics of investments and dividends. It would be interesting to see how different investment strategies would play out over a more extended period or with varied dividend patterns.,2,100.0,150.0,10,,,,,,,,,,,,,,,,,,,,,,,,,,,,,,,,,,,,,,,,,,,,,,,,,,,,,,,,,,,,,,,,,,,,,,,,,,,,,,,,,,,,,,,,,,,,,,,,,,,,,,,,,,,,,,,,,,,,,,,,
4,gmsp55te,,0,80,80,ftrust,Thanks,2024-03-19 17:06:12.896811,1,,,1242.0,1242.0,,,,,6kwrah0o,,,,,0,1.0,0.0,ftrust,2,,75.0,0.0,,,,,2,50.0,75.0,1,2,,90.0,0.0,,,,,2,60.0,90.0,2,2,,105.0,0.0,,,,,2,70.0,105.0,3,2,,120.0,0.0,,,,,2,80.0,120.0,4,2,,128.0,0.0,,,,,2,85.0,127.0,5,2,,135.0,0.0,,,,,2,90.0,135.0,6,2,,143.0,0.0,,,,,2,95.0,142.0,7,2,,147.0,0.0,,,,,2,98.0,147.0,8,2,,149.0,0.0,,,,,2,99.0,148.0,9,2,,150.0,0.0,3,2,2,The experiment provides a fascinating insight into the relationship dynamics between investors and managers in a business setting.,2,100.0,150.0,10,,,,,,,,,,,,,,,,,,,,,,,,,,,,,,,,,,,,,,,,,,,,,,,,,,,,,,,,,,,,,,,,,,,,,,,,,,,,,,,,,,,,,,,,,,,,,,,,,,,,,,,,,,,,,,,,,,,,,,,,
5,1tz5p20b,,0,80,80,ftrust,Thanks,2024-03-19 17:06:13.622783,1,,,1407.0,1407.0,,,,,6kwrah0o,,,,,0,1.0,0.0,ftrust,1,,137.0,0.0,,,,,3,75.0,112.0,1,1,,140.0,0.0,,,,,3,80.0,120.0,2,1,,135.0,0.0,,,,,3,70.0,105.0,3,1,,140.0,0.0,,,,,3,80.0,120.0,4,1,,145.0,0.0,,,,,3,90.0,135.0,5,1,,140.0,0.0,,,,,3,80.0,120.0,6,1,,135.0,0.0,,,,,3,70.0,105.0,7,1,,140.0,0.0,,,,,3,80.0,120.0,8,1,,145.0,0.0,,,,,3,90.0,135.0,9,1,,150.0,0.0,3,1,1,"The experiment provided interesting insights into investment behavior and manager-investor dynamics. It would be beneficial to explore the decision-making process in more depth, possibly with a larger diversity of scenarios to simulate different market conditions.",3,100.0,150.0,10,,,,,,,,,,,,,,,,,,,,,,,,,,,,,,,,,,,,,,,,,,,,,,,,,,,,,,,,,,,,,,,,,,,,,,,,,,,,,,,,,,,,,,,,,,,,,,,,,,,,,,,,,,,,,,,,,,,,,,,,
6,oym6i6tg,,0,80,80,ftrust,Thanks,2024-03-19 17:06:13.870461,1,,,1223.0,1223.0,,,,,6kwrah0o,,,,,0,1.0,0.0,ftrust,2,,113.0,0.0,,,,,3,75.0,112.0,1,2,,120.0,0.0,,,,,3,80.0,120.0,2,2,,105.0,0.0,,,,,3,70.0,105.0,3,2,,120.0,0.0,,,,,3,80.0,120.0,4,2,,135.0,0.0,,,,,3,90.0,135.0,5,2,,120.0,0.0,,,,,3,80.0,120.0,6,2,,105.0,0.0,,,,,3,70.0,105.0,7,2,,120.0,0.0,,,,,3,80.0,120.0,8,2,,135.0,0.0,,,,,3,90.0,135.0,9,2,,150.0,0.0,3,2,2,"The experiment presents an interesting exploration of investor-manager dynamics, highlighting the decision-making process and its impact on wealth maximization. Adjusting dividend payouts based on performance and maintaining a balanced approach for both parties were crucial strategies.",3,100.0,150.0,10,,,,,,,,,,,,,,,,,,,,,,,,,,,,,,,,,,,,,,,,,,,,,,,,,,,,,,,,,,,,,,,,,,,,,,,,,,,,,,,,,,,,,,,,,,,,,,,,,,,,,,,,,,,,,,,,,,,,,,,,
1,brq0g71j,,0,80,80,trust,Thanks,2024-03-19 17:30:00.396235,1,,,1340.0,1340.0,,,,,31irpvgd,,,,,0,1.0,0.0,trust,,,,,,,,,,,,,,,,,,,,,,,,,,,,,,,,,,,,,,,,,,,,,,,,,,,,,,,,,,,,,,,,,,,,,,,,,,,,,,,,,,,,,,,,,,,,,,,,,,,,,,,,,,,,,,,,,,,,,,,,,1,,125.0,0.0,,,,,1,50.0,75.0,1,1,,130.0,0.0,,,,,1,60.0,90.0,2,1,,135.0,0.0,,,,,1,70.0,105.0,3,1,,140.0,0.0,,,,,1,80.0,120.0,4,1,,135.0,0.0,,,,,1,70.0,105.0,5,1,,130.0,0.0,,,,,1,60.0,90.0,6,1,,133.0,0.0,,,,,1,65.0,98.0,7,1,,137.0,0.0,,,,,1,75.0,112.0,8,1,,140.0,0.0,,,,,1,80.0,120.0,9,1,,135.0,0.0,3,1,1,"The game provides an interesting examination of trust and reciprocation. For future iterations, considering a feedback mechanism for the participants to reflect on their strategies and outcomes after each round might enhance learning and adaptation throughout the game.",1,70.0,105.0,10
2,buapfgb0,,0,80,80,trust,Thanks,2024-03-19 17:30:00.562958,1,,,1020.0,1020.0,,,,,31irpvgd,,,,,0,1.0,0.0,trust,,,,,,,,,,,,,,,,,,,,,,,,,,,,,,,,,,,,,,,,,,,,,,,,,,,,,,,,,,,,,,,,,,,,,,,,,,,,,,,,,,,,,,,,,,,,,,,,,,,,,,,,,,,,,,,,,,,,,,,,,2,,75.0,0.0,,,,,1,50.0,75.0,1,2,,90.0,0.0,,,,,1,60.0,90.0,2,2,,105.0,0.0,,,,,1,70.0,105.0,3,2,,120.0,0.0,,,,,1,80.0,120.0,4,2,,105.0,0.0,,,,,1,70.0,105.0,5,2,,90.0,0.0,,,,,1,60.0,90.0,6,2,,97.0,0.0,,,,,1,65.0,98.0,7,2,,113.0,0.0,,,,,1,75.0,112.0,8,2,,120.0,0.0,,,,,1,80.0,120.0,9,2,,105.0,0.0,3,2,1,No feedback at the moment.,1,70.0,105.0,10
3,kwpktj9d,,0,80,80,trust,Thanks,2024-03-19 17:30:00.402445,1,,,1425.0,1425.0,,,,,31irpvgd,,,,,0,1.0,0.0,trust,,,,,,,,,,,,,,,,,,,,,,,,,,,,,,,,,,,,,,,,,,,,,,,,,,,,,,,,,,,,,,,,,,,,,,,,,,,,,,,,,,,,,,,,,,,,,,,,,,,,,,,,,,,,,,,,,,,,,,,,,1,,125.0,0.0,,,,,2,50.0,75.0,1,1,,130.0,0.0,,,,,2,60.0,90.0,2,1,,135.0,0.0,,,,,2,70.0,105.0,3,1,,140.0,0.0,,,,,2,80.0,120.0,4,1,,145.0,0.0,,,,,2,90.0,135.0,5,1,,150.0,0.0,,,,,2,100.0,150.0,6,1,,150.0,0.0,,,,,2,100.0,150.0,7,1,,150.0,0.0,,,,,2,100.0,150.0,8,1,,150.0,0.0,,,,,2,100.0,150.0,9,1,,150.0,0.0,3,1,1,The experiment was a fascinating exploration of trust and cooperation. It would be interesting to see how different starting points or varying round lengths might impact strategies and outcomes.,2,100.0,150.0,10
4,gyiz89en,,0,80,80,trust,Thanks,2024-03-19 17:30:00.400368,1,,,1275.0,1275.0,,,,,31irpvgd,,,,,0,1.0,0.0,trust,,,,,,,,,,,,,,,,,,,,,,,,,,,,,,,,,,,,,,,,,,,,,,,,,,,,,,,,,,,,,,,,,,,,,,,,,,,,,,,,,,,,,,,,,,,,,,,,,,,,,,,,,,,,,,,,,,,,,,,,,2,,75.0,0.0,,,,,2,50.0,75.0,1,2,,90.0,0.0,,,,,2,60.0,90.0,2,2,,105.0,0.0,,,,,2,70.0,105.0,3,2,,120.0,0.0,,,,,2,80.0,120.0,4,2,,135.0,0.0,,,,,2,90.0,135.0,5,2,,150.0,0.0,,,,,2,100.0,150.0,6,2,,150.0,0.0,,,,,2,100.0,150.0,7,2,,150.0,0.0,,,,,2,100.0,150.0,8,2,,150.0,0.0,,,,,2,100.0,150.0,9,2,,150.0,0.0,3,2,2,No specific feedback.,2,100.0,150.0,10
5,fl7r6ar4,,0,80,80,trust,Thanks,2024-03-19 17:30:00.560979,1,,,1237.0,1237.0,,,,,31irpvgd,,,,,0,1.0,0.0,trust,,,,,,,,,,,,,,,,,,,,,,,,,,,,,,,,,,,,,,,,,,,,,,,,,,,,,,,,,,,,,,,,,,,,,,,,,,,,,,,,,,,,,,,,,,,,,,,,,,,,,,,,,,,,,,,,,,,,,,,,,1,,125.0,0.0,,,,,3,50.0,75.0,1,1,,140.0,0.0,,,,,3,40.0,80.0,2,1,,130.0,0.0,,,,,3,30.0,60.0,3,1,,140.0,0.0,,,,,3,35.0,75.0,4,1,,125.0,0.0,,,,,3,25.0,50.0,5,1,,120.0,0.0,,,,,3,20.0,40.0,6,1,,130.0,0.0,,,,,3,30.0,60.0,7,1,,115.0,0.0,,,,,3,30.0,45.0,8,1,,112.0,0.0,,,,,3,25.0,37.0,9,1,,100.0,0.0,3,1,1,The experiment demonstrated an interesting dynamic on trust and reciprocation. It would be interesting to see how the results vary with a different multiplier or initial points.,3,25.0,25.0,10
6,jndrx6zu,,0,80,80,trust,Thanks,2024-03-19 17:30:00.494037,1,,,383.0,383.0,,,,,31irpvgd,,,,,0,1.0,0.0,trust,,,,,,,,,,,,,,,,,,,,,,,,,,,,,,,,,,,,,,,,,,,,,,,,,,,,,,,,,,,,,,,,,,,,,,,,,,,,,,,,,,,,,,,,,,,,,,,,,,,,,,,,,,,,,,,,,,,,,,,,,2,,75.0,0.0,,,,,3,50.0,75.0,1,2,,40.0,0.0,,,,,3,40.0,80.0,2,2,,30.0,0.0,,,,,3,30.0,60.0,3,2,,30.0,0.0,,,,,3,35.0,75.0,4,2,,25.0,0.0,,,,,3,25.0,50.0,5,2,,20.0,0.0,,,,,3,20.0,40.0,6,2,,30.0,0.0,,,,,3,30.0,60.0,7,2,,45.0,0.0,,,,,3,30.0,45.0,8,2,,38.0,0.0,,,,,3,25.0,37.0,9,2,,50.0,0.0,3,2,2,No specific feedback.,3,25.0,25.0,10
1,8yne67sv,,0,80,80,ftrust,Thanks,2024-03-19 18:31:52.743216,1,,,1446.0,1446.0,,,,,kgf94gyr,,,,,0,1.0,0.0,ftrust,1,,135.0,0.0,,,,,1,70.0,105.0,1,1,,137.0,0.0,,,,,1,75.0,112.0,2,1,,140.0,0.0,,,,,1,80.0,120.0,3,1,,142.0,0.0,,,,,1,85.0,127.0,4,1,,145.0,0.0,,,,,1,90.0,135.0,5,1,,147.0,0.0,,,,,1,95.0,142.0,6,1,,150.0,0.0,,,,,1,100.0,150.0,7,1,,150.0,0.0,,,,,1,100.0,150.0,8,1,,150.0,0.0,,,,,1,100.0,150.0,9,1,,150.0,0.0,3,1,1,The experiment was enlightening in understanding the dynamics between investments and dividends. It was interesting to see how strategic decisions impact private wealth accumulation over multiple rounds.,1,100.0,150.0,10,,,,,,,,,,,,,,,,,,,,,,,,,,,,,,,,,,,,,,,,,,,,,,,,,,,,,,,,,,,,,,,,,,,,,,,,,,,,,,,,,,,,,,,,,,,,,,,,,,,,,,,,,,,,,,,,,,,,,,,,
2,nz4kf2bg,,0,80,80,ftrust,Thanks,2024-03-19 18:31:52.728169,1,,,1344.0,1344.0,,,,,kgf94gyr,,,,,0,1.0,0.0,ftrust,2,,105.0,0.0,,,,,1,70.0,105.0,1,2,,113.0,0.0,,,,,1,75.0,112.0,2,2,,120.0,0.0,,,,,1,80.0,120.0,3,2,,128.0,0.0,,,,,1,85.0,127.0,4,2,,135.0,0.0,,,,,1,90.0,135.0,5,2,,143.0,0.0,,,,,1,95.0,142.0,6,2,,150.0,0.0,,,,,1,100.0,150.0,7,2,,150.0,0.0,,,,,1,100.0,150.0,8,2,,150.0,0.0,,,,,1,100.0,150.0,9,2,,150.0,0.0,3,2,1,"The experiment was insightful, providing a realistic simulation of investment decisions and the balancing act between distributing dividends and retaining earnings for future growth. Interesting to see the dynamics between investor expectations and managerial decisions.",1,100.0,150.0,10,,,,,,,,,,,,,,,,,,,,,,,,,,,,,,,,,,,,,,,,,,,,,,,,,,,,,,,,,,,,,,,,,,,,,,,,,,,,,,,,,,,,,,,,,,,,,,,,,,,,,,,,,,,,,,,,,,,,,,,,
3,qeycbid1,,0,80,80,ftrust,Thanks,2024-03-19 18:31:52.724414,1,,,1471.0,1471.0,,,,,kgf94gyr,,,,,0,1.0,0.0,ftrust,1,,135.0,0.0,,,,,2,70.0,105.0,1,1,,140.0,0.0,,,,,2,80.0,120.0,2,1,,145.0,0.0,,,,,2,90.0,135.0,3,1,,148.0,0.0,,,,,2,95.0,143.0,4,1,,149.0,0.0,,,,,2,97.0,146.0,5,1,,149.0,0.0,,,,,2,98.0,147.0,6,1,,149.0,0.0,,,,,2,99.0,148.0,7,1,,150.0,0.0,,,,,2,100.0,150.0,8,1,,151.0,0.0,,,,,2,100.0,151.0,9,1,,155.0,0.0,3,1,1,No specific feedback,2,100.0,155.0,10,,,,,,,,,,,,,,,,,,,,,,,,,,,,,,,,,,,,,,,,,,,,,,,,,,,,,,,,,,,,,,,,,,,,,,,,,,,,,,,,,,,,,,,,,,,,,,,,,,,,,,,,,,,,,,,,,,,,,,,,
4,mvmbtj62,,0,80,80,ftrust,Thanks,2024-03-19 18:31:52.620877,1,,,1387.0,1387.0,,,,,kgf94gyr,,,,,0,1.0,0.0,ftrust,2,,105.0,0.0,,,,,2,70.0,105.0,1,2,,120.0,0.0,,,,,2,80.0,120.0,2,2,,135.0,0.0,,,,,2,90.0,135.0,3,2,,142.0,0.0,,,,,2,95.0,143.0,4,2,,145.0,0.0,,,,,2,97.0,146.0,5,2,,147.0,0.0,,,,,2,98.0,147.0,6,2,,149.0,0.0,,,,,2,99.0,148.0,7,2,,150.0,0.0,,,,,2,100.0,150.0,8,2,,149.0,0.0,,,,,2,100.0,151.0,9,2,,145.0,0.0,3,2,2,No specific feedback,2,100.0,155.0,10,,,,,,,,,,,,,,,,,,,,,,,,,,,,,,,,,,,,,,,,,,,,,,,,,,,,,,,,,,,,,,,,,,,,,,,,,,,,,,,,,,,,,,,,,,,,,,,,,,,,,,,,,,,,,,,,,,,,,,,,
5,xs7onsnk,,0,80,80,ftrust,Thanks,2024-03-19 18:31:52.196742,1,,,1250.0,1250.0,,,,,kgf94gyr,,,,,0,1.0,0.0,ftrust,1,,125.0,0.0,,,,,3,50.0,75.0,1,1,,125.0,0.0,,,,,3,50.0,75.0,2,1,,125.0,0.0,,,,,3,50.0,75.0,3,1,,125.0,0.0,,,,,3,50.0,75.0,4,1,,125.0,0.0,,,,,3,50.0,75.0,5,1,,125.0,0.0,,,,,3,50.0,75.0,6,1,,125.0,0.0,,,,,3,50.0,75.0,7,1,,125.0,0.0,,,,,3,50.0,75.0,8,1,,125.0,0.0,,,,,3,50.0,75.0,9,1,,125.0,0.0,3,1,1,The experiment was engaging and provided interesting insights on investment behavior and its impact on wealth accumulation.,3,50.0,75.0,10,,,,,,,,,,,,,,,,,,,,,,,,,,,,,,,,,,,,,,,,,,,,,,,,,,,,,,,,,,,,,,,,,,,,,,,,,,,,,,,,,,,,,,,,,,,,,,,,,,,,,,,,,,,,,,,,,,,,,,,,
6,5y05rcbq,,0,80,80,ftrust,Thanks,2024-03-19 18:31:52.726081,1,,,750.0,750.0,,,,,kgf94gyr,,,,,0,1.0,0.0,ftrust,2,,75.0,0.0,,,,,3,50.0,75.0,1,2,,75.0,0.0,,,,,3,50.0,75.0,2,2,,75.0,0.0,,,,,3,50.0,75.0,3,2,,75.0,0.0,,,,,3,50.0,75.0,4,2,,75.0,0.0,,,,,3,50.0,75.0,5,2,,75.0,0.0,,,,,3,50.0,75.0,6,2,,75.0,0.0,,,,,3,50.0,75.0,7,2,,75.0,0.0,,,,,3,50.0,75.0,8,2,,75.0,0.0,,,,,3,50.0,75.0,9,2,,75.0,0.0,3,2,1,The experiment was insightful in understanding the dynamics between investor and manager through financial decisions. Implementing a consistent strategy shows how trust and wealth accumulation can be fostered over time. It would be interesting to see how variations in dividends and investment behaviors affect outcomes.,3,50.0,75.0,10,,,,,,,,,,,,,,,,,,,,,,,,,,,,,,,,,,,,,,,,,,,,,,,,,,,,,,,,,,,,,,,,,,,,,,,,,,,,,,,,,,,,,,,,,,,,,,,,,,,,,,,,,,,,,,,,,,,,,,,,
1,1j0jsp9c,,0,80,80,trust,Thanks,2024-03-19 18:52:27.749057,1,,,1410.0,1410.0,,,,,3vifxu5y,,,,,0,1.0,0.0,trust,,,,,,,,,,,,,,,,,,,,,,,,,,,,,,,,,,,,,,,,,,,,,,,,,,,,,,,,,,,,,,,,,,,,,,,,,,,,,,,,,,,,,,,,,,,,,,,,,,,,,,,,,,,,,,,,,,,,,,,,,1,,125.0,0.0,,,,,1,50.0,75.0,1,1,,130.0,0.0,,,,,1,60.0,90.0,2,1,,135.0,0.0,,,,,1,70.0,105.0,3,1,,140.0,0.0,,,,,1,80.0,120.0,4,1,,145.0,0.0,,,,,1,85.0,130.0,5,1,,150.0,0.0,,,,,1,90.0,140.0,6,1,,155.0,0.0,,,,,1,95.0,150.0,7,1,,120.0,0.0,,,,,1,100.0,120.0,8,1,,150.0,0.0,,,,,1,100.0,150.0,9,1,,160.0,0.0,3,1,1,"The experiment provides insightful observations into behaviors of trust and cooperation, potentially simulating real-world interactions. Suggestions for improvement include varying the multiplier effects and introducing more diverse roles or scenarios to further explore decision-making dynamics.",1,100.0,160.0,10
2,8be69vzb,,0,80,80,trust,Thanks,2024-03-19 18:52:30.694072,1,,,1250.0,1250.0,,,,,3vifxu5y,,,,,0,1.0,0.0,trust,,,,,,,,,,,,,,,,,,,,,,,,,,,,,,,,,,,,,,,,,,,,,,,,,,,,,,,,,,,,,,,,,,,,,,,,,,,,,,,,,,,,,,,,,,,,,,,,,,,,,,,,,,,,,,,,,,,,,,,,,2,,75.0,0.0,,,,,1,50.0,75.0,1,2,,90.0,0.0,,,,,1,60.0,90.0,2,2,,105.0,0.0,,,,,1,70.0,105.0,3,2,,120.0,0.0,,,,,1,80.0,120.0,4,2,,125.0,0.0,,,,,1,85.0,130.0,5,2,,130.0,0.0,,,,,1,90.0,140.0,6,2,,135.0,0.0,,,,,1,95.0,150.0,7,2,,180.0,0.0,,,,,1,100.0,120.0,8,2,,150.0,0.0,,,,,1,100.0,150.0,9,2,,140.0,0.0,3,2,1,,1,100.0,160.0,10
3,tkhmscc7,,0,80,80,trust,Thanks,2024-03-19 18:52:27.507924,1,,,1414.0,1414.0,,,,,3vifxu5y,,,,,0,1.0,0.0,trust,,,,,,,,,,,,,,,,,,,,,,,,,,,,,,,,,,,,,,,,,,,,,,,,,,,,,,,,,,,,,,,,,,,,,,,,,,,,,,,,,,,,,,,,,,,,,,,,,,,,,,,,,,,,,,,,,,,,,,,,,1,,125.0,0.0,,,,,2,50.0,75.0,1,1,,130.0,0.0,,,,,2,60.0,90.0,2,1,,135.0,0.0,,,,,2,70.0,105.0,3,1,,140.0,0.0,,,,,2,80.0,120.0,4,1,,142.0,0.0,,,,,2,85.0,127.0,5,1,,145.0,0.0,,,,,2,90.0,135.0,6,1,,147.0,0.0,,,,,2,95.0,142.0,7,1,,150.0,0.0,,,,,2,100.0,150.0,8,1,,150.0,0.0,,,,,2,100.0,150.0,9,1,,150.0,0.0,3,1,2,No feedback,2,100.0,150.0,10
4,j8umjgwz,,0,80,80,trust,Thanks,2024-03-19 18:52:27.747324,1,,,1246.0,1246.0,,,,,3vifxu5y,,,,,0,1.0,0.0,trust,,,,,,,,,,,,,,,,,,,,,,,,,,,,,,,,,,,,,,,,,,,,,,,,,,,,,,,,,,,,,,,,,,,,,,,,,,,,,,,,,,,,,,,,,,,,,,,,,,,,,,,,,,,,,,,,,,,,,,,,,2,,75.0,0.0,,,,,2,50.0,75.0,1,2,,90.0,0.0,,,,,2,60.0,90.0,2,2,,105.0,0.0,,,,,2,70.0,105.0,3,2,,120.0,0.0,,,,,2,80.0,120.0,4,2,,128.0,0.0,,,,,2,85.0,127.0,5,2,,135.0,0.0,,,,,2,90.0,135.0,6,2,,143.0,0.0,,,,,2,95.0,142.0,7,2,,150.0,0.0,,,,,2,100.0,150.0,8,2,,150.0,0.0,,,,,2,100.0,150.0,9,2,,150.0,0.0,3,2,1,"The experiment was enlightening, particularly seeing how decisions of giving and sharing evolved over rounds. It would be interesting to see variations on the multiplier effect or changing roles midway.",2,100.0,150.0,10
5,q5hjm5ir,,0,80,80,trust,Thanks,2024-03-19 18:52:28.413724,1,,,1422.0,1422.0,,,,,3vifxu5y,,,,,0,1.0,0.0,trust,,,,,,,,,,,,,,,,,,,,,,,,,,,,,,,,,,,,,,,,,,,,,,,,,,,,,,,,,,,,,,,,,,,,,,,,,,,,,,,,,,,,,,,,,,,,,,,,,,,,,,,,,,,,,,,,,,,,,,,,,1,,125.0,0.0,,,,,3,50.0,75.0,1,1,,130.0,0.0,,,,,3,60.0,90.0,2,1,,135.0,0.0,,,,,3,70.0,105.0,3,1,,140.0,0.0,,,,,3,80.0,120.0,4,1,,145.0,0.0,,,,,3,90.0,135.0,5,1,,147.0,0.0,,,,,3,95.0,142.0,6,1,,150.0,0.0,,,,,3,100.0,150.0,7,1,,150.0,0.0,,,,,3,100.0,150.0,8,1,,150.0,0.0,,,,,3,100.0,150.0,9,1,,150.0,0.0,3,1,1,The game was engaging and offered insights into how people might behave in scenarios that depend on mutual cooperation for maximizing benefits. One suggestion could be to provide real-time feedback or hints about optimal strategies.,3,100.0,150.0,10
6,vq4gh4ez,,0,80,80,trust,Thanks,2024-03-19 18:52:27.744469,1,,,1268.0,1268.0,,,,,3vifxu5y,,,,,0,1.0,0.0,trust,,,,,,,,,,,,,,,,,,,,,,,,,,,,,,,,,,,,,,,,,,,,,,,,,,,,,,,,,,,,,,,,,,,,,,,,,,,,,,,,,,,,,,,,,,,,,,,,,,,,,,,,,,,,,,,,,,,,,,,,,2,,75.0,0.0,,,,,3,50.0,75.0,1,2,,90.0,0.0,,,,,3,60.0,90.0,2,2,,105.0,0.0,,,,,3,70.0,105.0,3,2,,120.0,0.0,,,,,3,80.0,120.0,4,2,,135.0,0.0,,,,,3,90.0,135.0,5,2,,143.0,0.0,,,,,3,95.0,142.0,6,2,,150.0,0.0,,,,,3,100.0,150.0,7,2,,150.0,0.0,,,,,3,100.0,150.0,8,2,,150.0,0.0,,,,,3,100.0,150.0,9,2,,150.0,0.0,3,2,1,,3,100.0,150.0,10
1,1i11dkz5,,0,80,80,ftrust,Thanks,2024-03-19 19:57:48.463590,1,,,1453.0,1453.0,,,,,kadzkxpu,,,,,0,1.0,0.0,ftrust,1,,135.0,0.0,,,,,1,70.0,105.0,1,1,,140.0,0.0,,,,,1,80.0,120.0,2,1,,145.0,0.0,,,,,1,90.0,135.0,3,1,,148.0,0.0,,,,,1,95.0,143.0,4,1,,145.0,0.0,,,,,1,90.0,135.0,5,1,,148.0,0.0,,,,,1,95.0,143.0,6,1,,148.0,0.0,,,,,1,95.0,143.0,7,1,,148.0,0.0,,,,,1,95.0,143.0,8,1,,148.0,0.0,,,,,1,95.0,143.0,9,1,,148.0,0.0,3,1,1,N/A,1,95.0,143.0,10,,,,,,,,,,,,,,,,,,,,,,,,,,,,,,,,,,,,,,,,,,,,,,,,,,,,,,,,,,,,,,,,,,,,,,,,,,,,,,,,,,,,,,,,,,,,,,,,,,,,,,,,,,,,,,,,,,,,,,,,
2,g6ixn8vz,,0,80,80,ftrust,Thanks,2024-03-19 19:57:48.307715,1,,,1347.0,1347.0,,,,,kadzkxpu,,,,,0,1.0,0.0,ftrust,2,,105.0,0.0,,,,,1,70.0,105.0,1,2,,120.0,0.0,,,,,1,80.0,120.0,2,2,,135.0,0.0,,,,,1,90.0,135.0,3,2,,142.0,0.0,,,,,1,95.0,143.0,4,2,,135.0,0.0,,,,,1,90.0,135.0,5,2,,142.0,0.0,,,,,1,95.0,143.0,6,2,,142.0,0.0,,,,,1,95.0,143.0,7,2,,142.0,0.0,,,,,1,95.0,143.0,8,2,,142.0,0.0,,,,,1,95.0,143.0,9,2,,142.0,0.0,3,2,2,"The game provides a good simulation for understanding the dynamics of investment and wealth accumulation between investors and managers. However, it might benefit from a clearer explanation of the implications of each decision on the final outcome to aid strategic decision-making.",1,95.0,143.0,10,,,,,,,,,,,,,,,,,,,,,,,,,,,,,,,,,,,,,,,,,,,,,,,,,,,,,,,,,,,,,,,,,,,,,,,,,,,,,,,,,,,,,,,,,,,,,,,,,,,,,,,,,,,,,,,,,,,,,,,,
3,rbhqtv2c,,0,80,80,ftrust,Thanks,2024-03-19 19:57:48.306148,1,,,1411.0,1411.0,,,,,kadzkxpu,,,,,0,1.0,0.0,ftrust,1,,125.0,0.0,,,,,2,50.0,75.0,1,1,,130.0,0.0,,,,,2,60.0,90.0,2,1,,135.0,0.0,,,,,2,70.0,105.0,3,1,,140.0,0.0,,,,,2,80.0,120.0,4,1,,142.0,0.0,,,,,2,85.0,127.0,5,1,,145.0,0.0,,,,,2,90.0,135.0,6,1,,148.0,0.0,,,,,2,95.0,143.0,7,1,,148.0,0.0,,,,,2,96.0,144.0,8,1,,149.0,0.0,,,,,2,97.0,146.0,9,1,,149.0,0.0,3,1,1,The experiment provided insightful data on decision-making in a simulated investment environment. Suggestions for improvement could include varying the endowment amounts or the dividends structure to examine how these changes affect strategies.,2,98.0,147.0,10,,,,,,,,,,,,,,,,,,,,,,,,,,,,,,,,,,,,,,,,,,,,,,,,,,,,,,,,,,,,,,,,,,,,,,,,,,,,,,,,,,,,,,,,,,,,,,,,,,,,,,,,,,,,,,,,,,,,,,,,
4,9fw32lzo,,0,80,80,ftrust,Thanks,2024-03-19 19:57:48.465000,1,,,1231.0,1231.0,,,,,kadzkxpu,,,,,0,1.0,0.0,ftrust,2,,75.0,0.0,,,,,2,50.0,75.0,1,2,,90.0,0.0,,,,,2,60.0,90.0,2,2,,105.0,0.0,,,,,2,70.0,105.0,3,2,,120.0,0.0,,,,,2,80.0,120.0,4,2,,128.0,0.0,,,,,2,85.0,127.0,5,2,,135.0,0.0,,,,,2,90.0,135.0,6,2,,142.0,0.0,,,,,2,95.0,143.0,7,2,,144.0,0.0,,,,,2,96.0,144.0,8,2,,145.0,0.0,,,,,2,97.0,146.0,9,2,,147.0,0.0,3,1,2,No specific feedback,2,98.0,147.0,10,,,,,,,,,,,,,,,,,,,,,,,,,,,,,,,,,,,,,,,,,,,,,,,,,,,,,,,,,,,,,,,,,,,,,,,,,,,,,,,,,,,,,,,,,,,,,,,,,,,,,,,,,,,,,,,,,,,,,,,,
5,ezgarrnx,,0,80,80,ftrust,Thanks,2024-03-19 19:57:48.303074,1,,,1423.0,1423.0,,,,,kadzkxpu,,,,,0,1.0,0.0,ftrust,1,,135.0,0.0,,,,,3,70.0,105.0,1,1,,140.0,0.0,,,,,3,80.0,120.0,2,1,,145.0,0.0,,,,,3,90.0,135.0,3,1,,142.0,0.0,,,,,3,85.0,127.0,4,1,,137.0,0.0,,,,,3,75.0,112.0,5,1,,140.0,0.0,,,,,3,80.0,120.0,6,1,,142.0,0.0,,,,,3,85.0,127.0,7,1,,145.0,0.0,,,,,3,90.0,135.0,8,1,,147.0,0.0,,,,,3,95.0,142.0,9,1,,150.0,0.0,3,1,1,"The experiment provided valuable insights into the decision-making process between investors and managers. It would be interesting to see how these dynamics change with different variables, such as changes in the multiplier or in the economic environment.",3,100.0,150.0,10,,,,,,,,,,,,,,,,,,,,,,,,,,,,,,,,,,,,,,,,,,,,,,,,,,,,,,,,,,,,,,,,,,,,,,,,,,,,,,,,,,,,,,,,,,,,,,,,,,,,,,,,,,,,,,,,,,,,,,,,
6,dfw6s2uu,,0,80,80,ftrust,Thanks,2024-03-19 19:57:48.466999,1,,,1277.0,1277.0,,,,,kadzkxpu,,,,,0,1.0,0.0,ftrust,2,,105.0,0.0,,,,,3,70.0,105.0,1,2,,120.0,0.0,,,,,3,80.0,120.0,2,2,,135.0,0.0,,,,,3,90.0,135.0,3,2,,128.0,0.0,,,,,3,85.0,127.0,4,2,,113.0,0.0,,,,,3,75.0,112.0,5,2,,120.0,0.0,,,,,3,80.0,120.0,6,2,,128.0,0.0,,,,,3,85.0,127.0,7,2,,135.0,0.0,,,,,3,90.0,135.0,8,2,,143.0,0.0,,,,,3,95.0,142.0,9,2,,150.0,0.0,3,1,1,"The experiment provided interesting insights into investment strategies and their impact on wealth accumulation. It would be beneficial if future iterations could include more variables, such as market fluctuations or unexpected expenses, to simulate more realistic economic conditions.",3,100.0,150.0,10,,,,,,,,,,,,,,,,,,,,,,,,,,,,,,,,,,,,,,,,,,,,,,,,,,,,,,,,,,,,,,,,,,,,,,,,,,,,,,,,,,,,,,,,,,,,,,,,,,,,,,,,,,,,,,,,,,,,,,,,
1,b1by5re7,,0,80,80,trust,Thanks,2024-03-19 20:18:33.825640,1,,,1414.0,1414.0,,,,,3vi7jbp9,,,,,0,1.0,0.0,trust,,,,,,,,,,,,,,,,,,,,,,,,,,,,,,,,,,,,,,,,,,,,,,,,,,,,,,,,,,,,,,,,,,,,,,,,,,,,,,,,,,,,,,,,,,,,,,,,,,,,,,,,,,,,,,,,,,,,,,,,,1,,125.0,0.0,,,,,1,50.0,75.0,1,1,,130.0,0.0,,,,,1,60.0,90.0,2,1,,135.0,0.0,,,,,1,70.0,105.0,3,1,,140.0,0.0,,,,,1,80.0,120.0,4,1,,142.0,0.0,,,,,1,85.0,127.0,5,1,,145.0,0.0,,,,,1,90.0,135.0,6,1,,148.0,0.0,,,,,1,95.0,143.0,7,1,,150.0,0.0,,,,,1,100.0,150.0,8,1,,148.0,0.0,,,,,1,95.0,143.0,9,1,,151.0,0.0,3,1,1,No specific feedback at this time.,1,100.0,151.0,10
2,ux0ttmaw,,0,80,80,trust,Thanks,2024-03-19 20:18:34.544305,1,,,1236.0,1236.0,,,,,3vi7jbp9,,,,,0,1.0,0.0,trust,,,,,,,,,,,,,,,,,,,,,,,,,,,,,,,,,,,,,,,,,,,,,,,,,,,,,,,,,,,,,,,,,,,,,,,,,,,,,,,,,,,,,,,,,,,,,,,,,,,,,,,,,,,,,,,,,,,,,,,,,2,,75.0,0.0,,,,,1,50.0,75.0,1,2,,90.0,0.0,,,,,1,60.0,90.0,2,2,,105.0,0.0,,,,,1,70.0,105.0,3,2,,120.0,0.0,,,,,1,80.0,120.0,4,2,,128.0,0.0,,,,,1,85.0,127.0,5,2,,135.0,0.0,,,,,1,90.0,135.0,6,2,,142.0,0.0,,,,,1,95.0,143.0,7,2,,150.0,0.0,,,,,1,100.0,150.0,8,2,,142.0,0.0,,,,,1,95.0,143.0,9,2,,149.0,0.0,3,2,1,A suggestion could be to investigate further how different multipliers affect the strategy of both participants.,1,100.0,151.0,10
3,oswmz452,,0,80,80,trust,Thanks,2024-03-19 20:18:33.985773,1,,,1410.0,1410.0,,,,,3vi7jbp9,,,,,0,1.0,0.0,trust,,,,,,,,,,,,,,,,,,,,,,,,,,,,,,,,,,,,,,,,,,,,,,,,,,,,,,,,,,,,,,,,,,,,,,,,,,,,,,,,,,,,,,,,,,,,,,,,,,,,,,,,,,,,,,,,,,,,,,,,,1,,125.0,0.0,,,,,2,50.0,75.0,1,1,,130.0,0.0,,,,,2,60.0,90.0,2,1,,135.0,0.0,,,,,2,70.0,105.0,3,1,,140.0,0.0,,,,,2,80.0,120.0,4,1,,143.0,0.0,,,,,2,85.0,128.0,5,1,,145.0,0.0,,,,,2,90.0,135.0,6,1,,148.0,0.0,,,,,2,95.0,143.0,7,1,,148.0,0.0,,,,,2,95.0,143.0,8,1,,148.0,0.0,,,,,2,95.0,143.0,9,1,,148.0,0.0,3,1,1,The experiment provided interesting insights into trust and reciprocation in an economic game setting. It would be interesting to see how different sizes of the multiplier affect strategies and final outcomes.,2,95.0,143.0,10
4,1awajck5,,0,80,80,trust,Thanks,2024-03-19 20:18:34.551928,1,,,1220.0,1220.0,,,,,3vi7jbp9,,,,,0,1.0,0.0,trust,,,,,,,,,,,,,,,,,,,,,,,,,,,,,,,,,,,,,,,,,,,,,,,,,,,,,,,,,,,,,,,,,,,,,,,,,,,,,,,,,,,,,,,,,,,,,,,,,,,,,,,,,,,,,,,,,,,,,,,,,2,,75.0,0.0,,,,,2,50.0,75.0,1,2,,90.0,0.0,,,,,2,60.0,90.0,2,2,,105.0,0.0,,,,,2,70.0,105.0,3,2,,120.0,0.0,,,,,2,80.0,120.0,4,2,,127.0,0.0,,,,,2,85.0,128.0,5,2,,135.0,0.0,,,,,2,90.0,135.0,6,2,,142.0,0.0,,,,,2,95.0,143.0,7,2,,142.0,0.0,,,,,2,95.0,143.0,8,2,,142.0,0.0,,,,,2,95.0,143.0,9,2,,142.0,0.0,3,2,1,No specific feedback,2,95.0,143.0,10
5,h7mnsisp,,0,80,80,trust,Thanks,2024-03-19 20:18:33.819627,1,,,1383.0,1383.0,,,,,3vi7jbp9,,,,,0,1.0,0.0,trust,,,,,,,,,,,,,,,,,,,,,,,,,,,,,,,,,,,,,,,,,,,,,,,,,,,,,,,,,,,,,,,,,,,,,,,,,,,,,,,,,,,,,,,,,,,,,,,,,,,,,,,,,,,,,,,,,,,,,,,,,1,,125.0,0.0,,,,,3,50.0,75.0,1,1,,130.0,0.0,,,,,3,60.0,90.0,2,1,,135.0,0.0,,,,,3,70.0,105.0,3,1,,140.0,0.0,,,,,3,80.0,120.0,4,1,,145.0,0.0,,,,,3,90.0,135.0,5,1,,147.0,0.0,,,,,3,95.0,142.0,6,1,,142.0,0.0,,,,,3,85.0,127.0,7,1,,137.0,0.0,,,,,3,75.0,112.0,8,1,,140.0,0.0,,,,,3,80.0,120.0,9,1,,142.0,0.0,3,1,2,The experiment provides a unique look into decision-making dynamics under conditions of reciprocity and trust.,3,85.0,127.0,10
6,9eog2str,,0,80,80,trust,Thanks,2024-03-19 20:18:33.987921,1,,,1157.0,1157.0,,,,,3vi7jbp9,,,,,0,1.0,0.0,trust,,,,,,,,,,,,,,,,,,,,,,,,,,,,,,,,,,,,,,,,,,,,,,,,,,,,,,,,,,,,,,,,,,,,,,,,,,,,,,,,,,,,,,,,,,,,,,,,,,,,,,,,,,,,,,,,,,,,,,,,,2,,75.0,0.0,,,,,3,50.0,75.0,1,2,,90.0,0.0,,,,,3,60.0,90.0,2,2,,105.0,0.0,,,,,3,70.0,105.0,3,2,,120.0,0.0,,,,,3,80.0,120.0,4,2,,135.0,0.0,,,,,3,90.0,135.0,5,2,,143.0,0.0,,,,,3,95.0,142.0,6,2,,128.0,0.0,,,,,3,85.0,127.0,7,2,,113.0,0.0,,,,,3,75.0,112.0,8,2,,120.0,0.0,,,,,3,80.0,120.0,9,2,,128.0,0.0,3,1,1,The game was engaging and offered valuable insights into cooperative strategies. It could be improved by adding more rounds or varying the multiplier to study its effects on strategy.,3,85.0,127.0,10
